pk_site_id,latitude,longitude,yard,distance
11,53.46538095,-113.3947684,5,4432
14,53.41533314,-113.4674006,5,6418.8
72,53.48499448,-113.4147234,5,5772.4
100,53.47648078,-113.4318203,5,3838.6
101,53.47706533,-113.4224579,5,4669.4
128,53.4660411,-113.4728329,5,4674.2
164,53.44181187,-113.4096613,5,3938.1
165,53.44014982,-113.3985109,5,4534.1
166,53.46604928,-113.42359,5,3090.4
169,53.471585,-113.3732625,5,6979.6
170,53.47072251,-113.3732235,5,7206.1
207,53.4249867,-113.4648967,5,6481.2
217,53.47495511,-113.422836,5,4275.5
218,53.47853544,-113.424299,5,4370.7
231,53.44562432,-113.397116,5,4154.4
232,53.47406098,-113.4179049,5,4394.4
236,53.45106651,-113.3981109,5,3502.3
237,53.44011451,-113.4001857,5,4600.8
255,53.46321738,-113.3948895,5,4229.8
256,53.45953514,-113.3959923,5,4069.7
265,53.47890847,-113.4505464,5,4313.4
266,53.4813995,-113.4445099,5,4169.2
267,53.47586961,-113.4445511,5,3707.9
276,53.47925609,-113.4022577,5,6578.2
278,53.4801263,-113.3999983,5,6451.7
291,53.45275672,-113.4456286,5,1751.1
307,53.47807414,-113.4236698,5,4383.2
308,53.47925098,-113.4295846,5,4067.2
310,53.47935367,-113.4311516,5,3995.3
381,53.45182828,-113.4381028,5,1578.3
383,53.46695088,-113.4212724,5,3368.2
402,53.46369927,-113.4501914,5,2676.2
403,53.47911282,-113.4438854,5,3835.7
404,53.47431735,-113.4071166,5,6196
405,53.47069387,-113.3979464,5,5494.5
406,53.45386309,-113.4620099,5,2789
407,53.45671841,-113.4595737,5,3007.3
408,53.45687343,-113.4632328,5,3144.9
410,53.47811545,-113.3875818,5,6570
432,53.45752248,-113.5023583,5,5683.8
468,53.43896847,-113.4071036,5,4025.5
469,53.46767804,-113.4416367,5,2696.7
470,53.45581327,-113.408386,5,2890
484,53.45472483,-113.4505677,5,2178.7
534,53.42428779,-113.4630607,5,5371.1
538,53.4516189,-113.4239362,5,1624
547,53.45093514,-113.4441409,5,1691.7
548,53.45122102,-113.4407574,5,1680.1
553,53.47821022,-113.3915995,5,7001.9
557,53.44043713,-113.5038836,5,7157.7
558,53.46270509,-113.453122,5,2934.1
560,53.48370558,-113.3994332,5,6269.8
579,53.46729849,-113.4503892,5,3178.3
597,53.48042908,-113.4525123,5,4410.3
598,53.42752392,-113.4687742,5,5755.9
609,53.42520833,-113.4553127,5,4824.5
614,53.46648414,-113.4425609,5,2525.6
615,53.47314712,-113.447766,5,3620.6
618,53.45880153,-113.4955954,5,6059.6
623,53.45082585,-113.4393637,5,1713.6
624,53.44871371,-113.4392548,5,1459.5
626,53.4489733,-113.446011,5,1990.1
640,53.48335537,-113.3849588,5,7281
642,53.47865242,-113.3791748,5,7087.7
662,53.47572009,-113.3709659,5,7226.9
665,53.44449059,-113.4921947,5,5222
666,53.42479836,-113.419698,5,5145.6
674,53.45380976,-113.4997833,5,5066.1
693,53.48356597,-113.4516076,5,4919.5
696,53.45257951,-113.4610376,5,2596.8
724,53.48643348,-113.4537909,5,5085.5
773,53.47087639,-113.4185957,5,4141.1
777,53.44096431,-113.3942473,5,4861.8
781,53.46754635,-113.4223962,5,3234.4
786,53.4680613,-113.3865062,5,5743.6
787,53.42230666,-113.4668491,5,5708.8
789,53.45895751,-113.4568045,5,2643.9
793,53.44114538,-113.4013158,5,4303.3
820,53.45229309,-113.4495041,5,2677
859,53.47412343,-113.4682701,5,5002.8
862,53.47579203,-113.4586733,5,4386.7
863,53.47758279,-113.4529992,5,4210.3
906,53.47279653,-113.3993744,5,5891.1
910,53.45234693,-113.4600996,5,2450.3
953,53.4400904,-113.4415886,5,2378.8
954,53.44215484,-113.4430531,5,2321.2
967,53.46817047,-113.4043338,5,4024
969,53.48040848,-113.4302079,5,4129.8
975,53.48161951,-113.4476131,5,4155.1
976,53.45366325,-113.3962258,5,3590.4
979,53.45526058,-113.448311,5,1836.3
988,53.43205583,-113.4640388,5,5902.8
989,53.42308569,-113.4689343,5,6260.9
993,53.47394159,-113.4107927,5,6479.7
996,53.47794898,-113.4207306,5,4504.9
1001,53.48206292,-113.4132991,5,5093.5
1035,53.45299725,-113.4581005,5,2872.7
1048,53.42474558,-113.4309533,5,5388.7
1050,53.42493252,-113.4311662,5,5402.3
1058,53.44094322,-113.4526684,5,3156.1
1068,53.47893527,-113.4134385,5,5357.1
1070,53.48682407,-113.4020903,5,6265.6
1091,53.48405855,-113.4134176,5,5694.3
1092,53.47592234,-113.4407956,5,4063.6
1098,53.48545611,-113.4477429,5,4472.1
1103,53.46609391,-113.4143055,5,3310.3
1104,53.46446839,-113.400625,5,4141.5
1110,53.45038315,-113.4536069,5,2436.8
1113,53.45538745,-113.467122,5,3227.1
1118,53.42524929,-113.4606603,5,5469.7
1123,53.42945449,-113.4605923,5,5424
1124,53.43205228,-113.4609309,5,5688.8
1125,53.43206463,-113.4554252,5,5713
1132,53.46159102,-113.4018121,5,3359.5
1133,53.46938536,-113.4107342,5,3879.2
1135,53.46996222,-113.3848451,5,5714.9
1136,53.47089793,-113.3820877,5,5923.6
1137,53.47367477,-113.3802369,5,6938.4
1141,53.4635544,-113.4629976,5,3743.1
1154,53.45172026,-113.4922443,5,4776.2
1155,53.45839608,-113.4952509,5,6025.4
1161,53.42087888,-113.467405,5,5951.3
1167,53.48079517,-113.4552256,5,4701
1170,53.4430186,-113.4269189,5,2778.2
1177,53.45756451,-113.4189917,5,2455.8
1180,53.46108167,-113.4553522,5,2827.6
1181,53.46101619,-113.4516362,5,2701.2
1184,53.46414889,-113.4552433,5,3065
1201,53.44102796,-113.4436001,5,2367.7
1202,53.43910077,-113.4446028,5,2622.3
1219,53.48227402,-113.4000263,5,6908.3
1232,53.48114421,-113.4058149,5,5725.2
1272,53.45466114,-113.4096457,5,2578.4
1292,53.42915368,-113.4713192,5,5901.9
1308,53.47247757,-113.4411285,5,3074.4
1312,53.45190384,-113.4304811,5,1453.1
1313,53.47213596,-113.3919408,5,5886.9
1319,53.47005269,-113.3871047,5,5672.2
1320,53.47027557,-113.3884965,5,5555.6
1346,53.45432682,-113.3930957,5,4571
1361,53.48157221,-113.3908289,5,6812.7
1362,53.47374505,-113.3884135,5,5892.1
1363,53.47552621,-113.3872123,5,6382.2
1381,53.46635255,-113.3993752,5,4162.9
1420,53.48470116,-113.3807797,5,7402.8
1422,53.4479728,-113.4325536,5,1476.8
1423,53.44817357,-113.4233141,5,2059.6
1424,53.45208637,-113.425887,5,1475.7
1435,53.44120747,-113.4595298,5,3287.4
1436,53.44298538,-113.4577692,5,3115.3
1438,53.44805732,-113.4152553,5,2688.3
1447,53.47401729,-113.4594378,5,4223.3
1449,53.47033728,-113.4148232,5,3749.5
1450,53.46912852,-113.4624634,5,4349.8
1451,53.47182007,-113.4430238,5,3143
1452,53.4631616,-113.4618949,5,3386.2
1453,53.46072409,-113.462334,5,3536.2
1457,53.4255926,-113.4703023,5,6027.2
1461,53.47250303,-113.3764284,5,6581.4
1479,53.43971695,-113.4198469,5,3563.1
1488,53.46576161,-113.4081712,5,3833
1493,53.43871656,-113.4530145,5,3218.5
1497,53.47941443,-113.4545691,5,4459.1
1511,53.45781988,-113.3866463,5,4599.1
1548,53.43920366,-113.4276025,5,2857.1
1568,53.43892909,-113.426705,5,3171
1599,53.47084369,-113.3852557,5,6013.7
1600,53.44018994,-113.4292992,5,2626.8
1608,53.44420822,-113.4874427,5,5017
1611,53.47400654,-113.4005423,5,6191.6
1612,53.4792581,-113.4489091,5,4350.1
1623,53.45485526,-113.4033495,5,2781.6
1624,53.43937612,-113.4244306,5,3285.6
1625,53.438656,-113.4351926,5,2624
1626,53.44041168,-113.4334164,5,2754.8
1628,53.44864911,-113.4610691,5,2986.7
1642,53.46375409,-113.4614022,5,4010
1643,53.46444895,-113.4589404,5,3807.8
1644,53.48726388,-113.4061452,5,5983.5
1645,53.45376048,-113.4487908,5,2195.8
1646,53.45326491,-113.4399242,5,1050.5
1657,53.48456095,-113.447928,5,4486
1712,53.47422393,-113.4027813,5,6216.7
1713,53.47559528,-113.4035751,5,6432.3
1714,53.4638973,-113.4544161,5,3048
1722,53.4255842,-113.46646,5,5573.9
1749,53.47530693,-113.4072125,5,6062.4
1752,53.46680909,-113.4546789,5,3594.2
1759,53.48332882,-113.4577198,5,5053.2
1760,53.45924056,-113.3744127,5,5244.3
1771,53.46537684,-113.4587719,5,4508.6
1778,53.44264997,-113.4290041,5,2446.5
1779,53.47325833,-113.4122667,5,3970.6
1782,53.44243432,-113.4635386,5,3595.9
1784,53.47985752,-113.4234038,5,4800
1787,53.4776149,-113.414709,5,5499.1
1792,53.47299555,-113.3954121,5,5959.2
1796,53.45687427,-113.5005622,5,5530.2
1797,53.44398441,-113.4470709,5,2347.9
1810,53.48176008,-113.4158383,5,4991.5
1814,53.48249405,-113.3806965,5,7582.3
1823,53.45268009,-113.4471929,5,1558.7
1827,53.4638602,-113.3948508,5,4150.5
1828,53.46463922,-113.4063224,5,4199.1
1830,53.48091479,-113.4763368,5,6596.3
1837,53.45169814,-113.4632398,5,2611.3
1841,53.48192802,-113.4568471,5,5294.3
1842,53.44429154,-113.4504405,5,2766.3
1847,53.47363882,-113.394273,5,6116.3
1849,53.46649685,-113.3854278,5,5684.9
1850,53.46936302,-113.3935295,5,6260.5
1863,53.44800717,-113.4642232,5,3104.7
1889,53.46193542,-113.4670981,5,3661.1
1892,53.48320192,-113.3573453,5,8823.9
1895,53.46100863,-113.4119567,5,3530.3
1896,53.46389669,-113.4003169,5,3789.2
1903,53.45575162,-113.4402779,5,411.7
1908,53.47680556,-113.3820092,5,6507.3
1910,53.45633745,-113.4572744,5,2930.1
1915,53.44790167,-113.4503171,5,2185.7
1916,53.45936018,-113.5001615,5,5885.9
1922,53.44940491,-113.4065613,5,3162.7
1944,53.48098194,-113.393479,5,7290.1
1945,53.48846335,-113.3938508,5,7249.1
1946,53.49080719,-113.3941572,5,7511.5
1965,53.4639958,-113.4461327,5,2882.6
1967,53.44403276,-113.4110643,5,3252.1
1980,53.44893668,-113.3941282,5,4253.9
1989,53.45667036,-113.3744248,5,4979.3
1990,53.46759644,-113.5038615,5,6482.9
1991,53.46164208,-113.4886324,5,5211.8
2005,53.44873045,-113.443077,5,2070.9
2006,53.45345882,-113.407104,5,3218
2017,53.4686911,-113.3804738,5,7191.1
2018,53.46064037,-113.4935366,5,6373.4
2045,53.4288845,-113.4530593,5,5515.1
2047,53.4532225,-113.442092,5,1194.6
2048,53.45217177,-113.4535202,5,2635.7
2063,53.47858123,-113.3847973,5,6699.3
2066,53.4276126,-113.4528478,5,5538.6
2067,53.42676972,-113.4527792,5,5130.2
2068,53.42624455,-113.4524301,5,4706.7
2069,53.42523781,-113.452792,5,5232.9
2080,53.48052107,-113.4521361,5,4419
2103,53.42111137,-113.4573177,5,5436.6
2106,53.46126963,-113.4918437,5,6416.3
2141,53.46945111,-113.4449974,5,3111.6
2142,53.47106546,-113.450702,5,3672
2151,53.42538246,-113.4729777,5,5878.3
2156,53.44317506,-113.448125,5,2578.7
2162,53.48292404,-113.3545402,5,8953.5
2172,53.46846147,-113.3747242,5,7334.5
2202,53.47013455,-113.4097413,5,3865.3
2203,53.44946567,-113.4578253,5,2684.3
2216,53.46878653,-113.4074831,5,3973.9
2224,53.47705467,-113.4133661,5,5601.8
2233,53.46495912,-113.4432916,5,2414.8
2242,53.48339383,-113.460233,5,5212.3
2244,53.45954006,-113.4120146,5,2752.3
2250,53.46914599,-113.4233464,5,3100.5
2255,53.4537107,-113.4285839,5,1210.4
2270,53.47390517,-113.3689558,5,7249.4
2276,53.48231482,-113.3616464,5,8128.9
2288,53.44164266,-113.4515174,5,2907.7
2306,53.42169819,-113.4460063,5,4636.6
2307,53.45833684,-113.4646859,5,3293.7
2331,53.46483496,-113.4367117,5,1975.8
2335,53.46901514,-113.4474729,5,2988.9
2339,53.44391005,-113.4070047,5,3570.9
2356,53.47557117,-113.4483935,5,3928
2357,53.47711464,-113.4500661,5,4114.5
2358,53.47793197,-113.4456944,5,3728.4
2374,53.45322074,-113.4373284,5,1777.2
2448,53.44899765,-113.441916,5,2070.9
2449,53.48163656,-113.414401,5,5019.1
2450,53.4822858,-113.4079003,5,5527.8
2451,53.48366475,-113.4107578,5,5458
2452,53.45430812,-113.419284,5,2571.9
2456,53.41499637,-113.4654508,5,6416.3
2461,53.47421258,-113.3894636,5,6377.2
2462,53.47258659,-113.3944952,5,6054.3
2467,53.4652597,-113.3893251,5,5569.3
2468,53.47213553,-113.4626289,5,4599.3
2469,53.46979343,-113.467082,5,4460
2470,53.47328478,-113.3944414,5,6058.9
2471,53.48187979,-113.4136244,5,5071.3
2482,53.48002448,-113.4618142,5,5193.2
2491,53.45386326,-113.4090297,5,2576.7
2492,53.45955007,-113.4022907,5,3154.4
2499,53.46599976,-113.4507729,5,3033.2
2503,53.47648911,-113.4532758,5,4152.7
2522,53.42826686,-113.4640743,5,5837.1
2523,53.42391208,-113.4669234,5,5710.6
2524,53.42373541,-113.46779,5,6188.1
2547,53.42369109,-113.4434532,5,4783.7
2548,53.42297683,-113.4434544,5,4696.5
2553,53.45083073,-113.4458447,5,2064.9
2562,53.45941169,-113.4189058,5,2283.8
2570,53.44784983,-113.508512,5,6339.4
2575,53.47785338,-113.4616282,5,5140
2576,53.45717461,-113.4486804,5,2132.6
2577,53.45897563,-113.4631064,5,3060.2
2581,53.45876841,-113.450742,5,2241.3
2596,53.46589914,-113.4296661,5,2382.7
2597,53.46598319,-113.4351038,5,3312.4
2598,53.46898911,-113.4427955,5,2924.4
2601,53.46998118,-113.465656,5,5099.4
2611,53.42291322,-113.4717312,5,6412.6
2626,53.44063989,-113.4187295,5,5974.5
2632,53.47026464,-113.4558261,5,3946.6
2640,53.47847993,-113.3811779,5,6994.5
2644,53.47272278,-113.3872758,5,6014.6
2662,53.46988154,-113.4269172,5,3127.2
2683,53.45531632,-113.4657287,5,3623.6
2705,53.46433258,-113.4123796,5,3733.6
2711,53.4511817,-113.4484585,5,1800.4
2731,53.46408987,-113.4191383,5,3514.5
2733,53.44796486,-113.508894,5,6342.7
2738,53.44587358,-113.4275826,5,2162.6
2761,53.44946359,-113.4197467,5,2319.1
2811,53.42419622,-113.4554338,5,4855.4
2870,53.44309506,-113.4053314,5,3720
2892,53.45516891,-113.4144723,5,2776
2904,53.45163922,-113.4149347,5,2468
2905,53.45914151,-113.391646,5,4267.9
2913,53.45914321,-113.4262274,5,1862.1
2914,53.45858925,-113.439506,5,1495.3
2915,53.45856711,-113.4369712,5,1327.8
2921,53.45907884,-113.3992562,5,3398.2
2935,53.45861646,-113.4426731,5,1704.8
2941,53.45788112,-113.3791822,5,5172.8
2954,53.45106918,-113.4498968,5,1953.1
2955,53.4619236,-113.465737,5,3502.5
2966,53.47495989,-113.3835263,5,6250.5
2970,53.4828979,-113.4211068,5,4999.1
2974,53.47093701,-113.404104,5,6227.6
2975,53.47167685,-113.4076796,5,6567.8
3017,53.4692504,-113.3698736,5,7087.4
3025,53.48169349,-113.4117433,5,5203.3
3026,53.47320273,-113.4063568,5,6506.6
3041,53.48179332,-113.4036836,5,6280.8
3043,53.46526212,-113.4434709,5,3388.1
3044,53.47414851,-113.4419587,5,3385.9
3082,53.45314184,-113.4241951,5,1495.3
3083,53.41806901,-113.4432599,5,4922.7
3110,53.48371715,-113.3796571,5,7633.2
3115,53.45860139,-113.4568305,5,2642.3
3116,53.46680758,-113.4463967,5,2760.2
3119,53.45249733,-113.4573378,5,2590.7
3122,53.44388492,-113.4647041,5,3592.2
3127,53.44975358,-113.4357751,5,1143.6
3163,53.4660236,-113.4753085,5,5190.9
3170,53.46715504,-113.4390903,5,2938.9
3183,53.4546497,-113.4039146,5,3397.8
3195,53.44124686,-113.4940061,5,7030.5
3196,53.45344629,-113.4413081,5,1141.9
3202,53.42043577,-113.4567506,5,5437.6
3245,53.4719371,-113.4023761,5,6112.3
3266,53.44015004,-113.5071124,5,7258.4
3276,53.45966866,-113.4205523,5,2713.8
3287,53.44112172,-113.4182118,5,3209
3294,53.44561129,-113.4285283,5,2056.2
3313,53.42007251,-113.4639724,5,5706.1
3368,53.4282547,-113.4648048,5,5722.2
3377,53.44155176,-113.4052089,5,3811.3
3379,53.4683309,-113.3830189,5,5814.9
3399,53.44216099,-113.4385006,5,2303.5
3400,53.44818909,-113.4285355,5,1599.7
3402,53.45767318,-113.4449076,5,1941.1
3403,53.48784314,-113.4057586,5,6580.5
3405,53.4259758,-113.4733898,5,5794.3
3416,53.44906998,-113.4354028,5,1184.6
3432,53.48054226,-113.417776,5,4936.6
3434,53.42943466,-113.4581559,5,5330.6
3447,53.4622756,-113.4581518,5,3685.2
3455,53.46615353,-113.407974,5,3613.5
3468,53.44972772,-113.5037655,5,5523
3472,53.44073551,-113.4401323,5,2163.1
3477,53.44635723,-113.4386971,5,1654.2
3489,53.4179356,-113.4471177,5,4955.1
3492,53.45401563,-113.3968153,5,3229.2
3503,53.45317145,-113.4780852,5,3953.6
3517,53.46363994,-113.4001809,5,3988.9
3526,53.45238007,-113.4092015,5,2742.7
3527,53.45432673,-113.5031819,5,5681.2
3532,53.4442439,-113.4194092,5,2811.6
3542,53.46988496,-113.438231,5,2480.9
3554,53.45203938,-113.4729644,5,3288.2
3559,53.47481221,-113.4007496,5,6084.6
3596,53.47761346,-113.4671558,5,5330
3604,53.42891973,-113.4559753,5,5395.4
3605,53.43081677,-113.4581827,5,5939.9
3635,53.47641988,-113.4156548,5,4188.9
3636,53.47821016,-113.4162094,5,5429.2
3640,53.46996437,-113.4130383,5,3615.1
3641,53.46969607,-113.4151357,5,3810.8
3646,53.46235135,-113.4255351,5,2190
3647,53.45759036,-113.4246402,5,1961.9
3653,53.47276949,-113.3957114,5,5650.4
3661,53.47609582,-113.4074291,5,5961
3665,53.44588015,-113.4376054,5,3151.4
3666,53.43105561,-113.4669521,5,5874.1
3667,53.42618572,-113.466953,5,5816.3
3673,53.48573777,-113.4314986,5,5303.6
3674,53.47511957,-113.4147414,5,4171.3
3687,53.46555259,-113.4282364,5,2478.8
3693,53.44525572,-113.4146298,5,2980.1
3702,53.46308999,-113.4069974,5,3669.1
3705,53.42400853,-113.4711774,5,6377.3
3706,53.424915,-113.4765264,5,6092.5
3707,53.42474573,-113.4597029,5,5067.2
3710,53.42628752,-113.4509929,5,4641.5
3730,53.47264669,-113.3993134,5,5891.3
3734,53.46972731,-113.4128861,5,3629.2
3745,53.44546887,-113.4933541,5,6684.6
3751,53.45563871,-113.396725,5,3651.1
3769,53.41626438,-113.4770079,5,7085.8
3780,53.47769273,-113.4412082,5,3389.8
3800,53.41708962,-113.4669839,5,6181.3
3819,53.47674502,-113.375906,5,6869.1
3820,53.47633057,-113.3704977,5,7681.9
3821,53.4502047,-113.5086486,5,6075.8
3829,53.44864509,-113.4054258,5,3274
3831,53.44546887,-113.4933541,5,6684.6
3846,53.47997797,-113.4441735,5,3928.5
3847,53.47437214,-113.4429092,5,3890.5
3859,53.47277571,-113.4270251,5,3844.6
3862,53.4564677,-113.4116522,5,2946.6
3863,53.45818391,-113.3842628,5,4379.6
3864,53.44307737,-113.5081567,5,6831.5
3883,53.46287218,-113.4348846,5,1670.1
3896,53.47179703,-113.4023038,5,6119.3
3897,53.4739436,-113.3811523,5,6296.4
3907,53.46893081,-113.3939601,5,5075.9
3917,53.46009893,-113.4071101,5,3318.1
3921,53.47947008,-113.4412674,5,4139.6
3922,53.47631182,-113.4357536,5,3831.9
3923,53.47617955,-113.4402655,5,4046.9
3950,53.44662844,-113.4450445,5,2268.7
3951,53.4802683,-113.3939614,5,6337.5
3955,53.46962439,-113.3812609,5,5884.5
3977,53.4731319,-113.4160265,5,3760.8
3990,53.46466558,-113.4133456,5,3257.2
3991,53.46820175,-113.399518,5,5376.6
3996,53.47100097,-113.4468918,5,3892.2
4013,53.42720319,-113.447899,5,3963
4024,53.46456719,-113.3941952,5,4590.7
4033,53.47263235,-113.4277113,5,3865.6
4034,53.47302522,-113.4155722,5,3745.7
4039,53.46305567,-113.4211035,5,2549.7
4045,53.44749477,-113.4080485,5,3631.8
4047,53.4614612,-113.455742,5,2826.4
4048,53.44873644,-113.4006682,5,4338.9
4067,53.42083735,-113.45816,5,6059.8
4081,53.45243671,-113.4541011,5,1999.4
4082,53.44377569,-113.4187286,5,2912.4
4088,53.45222341,-113.501165,5,5362.6
4098,53.48345561,-113.4077461,5,5543.2
4118,53.48073488,-113.4098485,5,5400.9
4119,53.42041418,-113.4437069,5,4486.5
4120,53.46764427,-113.4186163,5,3090.7
4122,53.47978351,-113.3847698,5,6960.2
4148,53.44387551,-113.4998194,5,6598.8
4151,53.44370508,-113.5042992,5,7148.7
4157,53.45573299,-113.4345074,5,874.3
4162,53.47922173,-113.3770148,5,7103.3
4165,53.47135276,-113.3787691,5,6725.8
4177,53.47576909,-113.4545088,5,4123.8
4186,53.48343111,-113.4072579,5,6259.6
4194,53.46573497,-113.3847335,5,5754.3
4199,53.44586932,-113.4440476,5,2064
4204,53.46524425,-113.4282146,5,2566.8
4211,53.47283181,-113.4326882,5,3125.2
4221,53.46307087,-113.4353435,5,1699.5
4259,53.47452958,-113.4056587,5,6146.7
4260,53.4598939,-113.4075201,5,3335.5
4267,53.46154834,-113.4005705,5,3989.5
4278,53.47206006,-113.4796731,5,5413.8
4294,53.46097016,-113.4141569,5,2632
4322,53.46294353,-113.438757,5,1931.8
4328,53.45529188,-113.4558291,5,2415.2
4331,53.42781177,-113.44932,5,4710.3
4341,53.47838217,-113.4062629,5,5994
4343,53.4815964,-113.3657656,5,8965.8
4344,53.45868909,-113.3941215,5,3936.9
4362,53.47265947,-113.4182492,5,4293.1
4365,53.46504899,-113.4592898,5,3876.6
4366,53.46348934,-113.4506085,5,2655.2
4388,53.46002481,-113.4500958,5,2756.5
4411,53.4474203,-113.401979,5,4295.8
4415,53.45963731,-113.3817214,5,5356.9
4423,53.44656424,-113.4479371,5,2357.5
4427,53.46125892,-113.4432301,5,2332.2
4428,53.45748528,-113.4011287,5,3218.6
4438,53.47413679,-113.3674046,5,7648
4443,53.45879988,-113.475642,5,3890.4
4471,53.46908585,-113.3606443,5,7806.7
4479,53.45126348,-113.4798138,5,3838.2
4482,53.44998974,-113.4193237,5,3162.7
4483,53.46759607,-113.4181133,5,3758.9
4484,53.45991271,-113.4365959,5,1888.7
4485,53.46980168,-113.4376774,5,3378.4
4486,53.4675571,-113.4362539,5,2954.6
4497,53.4319747,-113.4386005,5,3623.2
4500,53.47245777,-113.3668353,5,7222
4523,53.46398378,-113.3861565,5,5872.4
4527,53.41378883,-113.4466585,5,5465.1
4531,53.429125,-113.4404401,5,3692.2
4532,53.46712332,-113.3923492,5,5044.9
4533,53.4764141,-113.3685041,5,7835.8
4534,53.461967,-113.3731107,5,6015.1
4535,53.461984,-113.3880859,5,5003
4536,53.46087204,-113.3901401,5,4506.5
4538,53.47530033,-113.427371,5,4150.4
4539,53.465245,-113.3785316,5,5802.8
4540,53.46289366,-113.3914545,5,4661.6
4543,53.42636695,-113.4405375,5,4089.4
4544,53.41653559,-113.4474357,5,5576.3
4545,53.47373454,-113.4586951,5,4225.5
4554,53.42793174,-113.4427959,5,3736.5
4572,53.44613593,-113.4576249,5,3196.4
4573,53.4176732,-113.462886,5,6152.4
4574,53.46510533,-113.3718019,5,6102.7
4579,53.41302714,-113.4665714,5,6846.9
4581,53.41291999,-113.4775009,5,7468.3
4584,53.46076594,-113.393563,5,4785.4
4596,53.4577281,-113.501628,5,5724.9
4597,53.45775575,-113.5015334,5,5722.8
4630,53.45839076,-113.5047456,5,5841.5
4644,53.4289211,-113.4718033,5,5432.6
4650,53.45546733,-113.4144299,5,2041.5
4673,53.4268006,-113.4323974,5,4424.6
4674,53.42917856,-113.4315572,5,3982.1
4675,53.42051191,-113.4482786,5,4877.4
4682,53.46152714,-113.3758157,5,5478.1
4683,53.46152891,-113.3794979,5,5451.1
4685,53.42394909,-113.4492492,5,4373
4688,53.4880411,-113.4121271,5,6158.9
4689,53.41468495,-113.4813885,5,7172.3
4696,53.42930261,-113.4358491,5,3857.5
4708,53.42376245,-113.4408112,5,4298.2
4709,53.42802726,-113.4296006,5,4878.2
4723,53.41585222,-113.4470071,5,5566.4
4724,53.41378521,-113.4473176,5,5509
4725,53.41780384,-113.451045,5,5056.2
4730,53.4144707,-113.4446813,5,5230.1
4767,53.49034044,-113.4155408,5,5790.1
4841,53.4242913,-113.4526007,5,5173.4
4861,53.4133837,-113.4469886,5,5487.2
5321,53.40736169,-113.4741846,5,7925.7
5322,53.41026169,-113.4784126,5,7897.4
5323,53.40983397,-113.4709706,5,7403.9
5341,53.47848138,-113.36515,5,7817.5
5565,53.46643817,-113.3751525,5,6410.2
5585,53.42680219,-113.4341983,5,4300.4
5587,53.42534985,-113.4308597,5,4751
5588,53.42823317,-113.4378371,5,4027.5
5589,53.42871834,-113.43452,5,4100
5605,53.46481986,-113.3749259,5,5811.9
5606,53.42705076,-113.436414,5,4108.9
5628,53.42419737,-113.4307201,5,4954.9
5645,53.42439273,-113.4358805,5,4409.2
5646,53.42029789,-113.4420533,5,4690.9
5647,53.417604,-113.4393599,5,5609.3
5665,53.42176383,-113.432761,5,4909.6
5685,53.42045947,-113.4406084,5,4572.4
5705,53.42043288,-113.4345884,5,4894.4
5725,53.45410051,-113.3852782,5,3994
5825,53.4176018,-113.4584271,5,5798.6
5845,53.41759985,-113.442479,5,4748.5
6186,53.4206945,-113.4483114,5,4877.4
6237,53.45623448,-113.3863172,5,4160.1
6246,53.41550875,-113.4595765,5,5884.2
6250,53.41169516,-113.4724155,5,7685
6286,53.45051879,-113.3818104,5,4666.4
6331,53.43017149,-113.4296246,5,4187.2
6332,53.43162314,-113.4244492,5,4795.9
6333,53.43198103,-113.4273697,5,4440.7
6390,53.44938,-113.392729,5,4616
6391,53.45016563,-113.3893259,5,4624.1
6392,53.45225746,-113.3913859,5,4659.1
6410,53.44948785,-113.3867636,5,4480.3
6430,53.4437034,-113.392917,5,4694.8
6431,53.44585948,-113.3931296,5,5014
6432,53.4458578,-113.3923863,5,5013.6
6434,53.46620366,-113.3715056,5,6803.7
6594,53.42882102,-113.4111716,5,5222.4
6827,53.41464618,-113.4624041,5,6585.8
6848,53.41783449,-113.4492125,5,5008.6
7107,53.45701851,-113.3842913,5,4383.3
7127,53.4452297,-113.3881772,5,4790.8
7128,53.41184098,-113.4763135,5,7727.2
7129,53.44797795,-113.3930811,5,4161.7
7130,53.44777249,-113.3920759,5,4228.2
7149,53.4694016,-113.3685037,5,7452.3
7169,53.47213428,-113.3678018,5,7522.5
7209,53.41874438,-113.4304088,5,5488.2
7211,53.42286406,-113.430003,5,5134.8
7430,53.44484975,-113.390003,5,4760.8
8103,53.42532891,-113.4298217,5,4677.2
8104,53.43205355,-113.4187555,5,5136.5
8182,53.41548046,-113.4589945,5,5779.7
8287,53.44606634,-113.3858042,5,4916.2
8288,53.40926401,-113.4674925,5,7699
8302,53.41694093,-113.4410463,5,5497.7
8382,53.45902955,-113.3636584,5,5939
8422,53.44134204,-113.3886984,5,5292.1
8442,53.40568068,-113.4728549,5,8042
8443,53.40568068,-113.4728549,5,8042
8465,53.41781511,-113.4261176,5,5877.6
8503,53.42197287,-113.425474,5,5703.5
8504,53.4097771,-113.4747555,5,7690.1
8645,53.44587489,-113.4974082,5,6322.1
8648,53.44567646,-113.5040594,5,6224
9146,53.4894329,-113.3920124,5,7645.1
9226,53.41760122,-113.4274566,5,5672.1
9682,53.42466794,-113.4233669,5,5406
9683,53.42528331,-113.4258026,5,5062.3
9684,53.42526942,-113.4260698,5,5060.6
9920,53.43049708,-113.4183463,5,4843.9
9921,53.43053007,-113.4179464,5,4387.9
9922,53.42673788,-113.4179533,5,4809.6
9962,53.46102432,-113.4916518,5,6391.4
9998,53.48897072,-113.3908016,5,7753.8
10000,53.48915551,-113.3905667,5,7735.7
10045,53.42594862,-113.4002849,5,6307.6
10059,53.4265816,-113.4001466,5,6408.1
10060,53.41102111,-113.460665,5,6633.7
10071,53.46107089,-113.3676563,5,5881
10073,53.45979924,-113.3633463,5,6065.6
10074,53.4588433,-113.3685124,5,5715
10075,53.46065597,-113.3685558,5,6406.3
10076,53.46142168,-113.3678167,5,6321.6
10084,53.41801224,-113.423462,5,5806.8
10110,53.43003745,-113.4187373,5,5141
10151,53.45383076,-113.4888193,5,4336.1
10155,53.48736068,-113.4201276,5,5988.8
961903,53.45599386,-113.4401192,5,415.1
971903,53.45599386,-113.4401192,5,415.1
981903,53.45599386,-113.4401192,5,415.1
991903,53.45599386,-113.4401192,5,415.1