pk_site_id,latitude,longitude,yard,distance
6,53.43219593,-113.61602020000001,3,3851.5
11,53.46538095,-113.39476840000002,5,4432
13,53.45277859,-113.5773108,3,6105.1
14,53.41533314,-113.4674006,5,6418.8
15,53.43861792,-113.51552579999999,3,5523.8
16,53.43908529,-113.51611799999999,3,5463.8
19,53.44662182,-113.54295139999999,3,7755.8
21,53.42288077,-113.5109832,3,4487.9
23,53.47190191,-113.59207450000001,3,8417.8
28,53.44904096,-113.53969479999999,3,7949.6
32,53.45142933,-113.57581770000002,3,4943.1
38,53.46709856,-113.5123688,1,4779.4
47,53.46503964,-113.5639002,3,6815.1
50,53.46645287,-113.56674140000001,3,7067.9
53,53.46715388,-113.5885531,3,8178.5
54,53.47257764,-113.599631,3,9612.3
64,53.53620179,-113.44033600000002,0,4086.8
69,53.51814912,-113.4199973,4,3499.5
72,53.48499448,-113.41472340000001,5,5772.4
73,53.44092299,-113.5226604,3,6422
74,53.43983641,-113.52050829999999,3,6182.6
75,53.43955434,-113.5223116,3,5550
93,53.45191419,-113.5734249,3,5854.8
97,53.47191218,-113.58257520000001,3,9026.9
100,53.47648078,-113.4318203,5,3838.6
101,53.47706533,-113.42245790000001,5,4669.4
102,53.45203263,-113.58554409999999,3,5489.6
103,53.51147159,-113.4623148,4,914.6
105,53.46691025,-113.5344493,1,3398.4
106,53.51372262,-113.48130079999999,4,1504.3
107,53.51014172,-113.4792693,4,1854.3
110,53.42017533,-113.5321705,3,3654
112,53.52256414,-113.507368,2,405.1
119,53.46540512,-113.56230819999999,3,6762.2
120,53.46238889999999,-113.56486090000001,3,6818.8
121,53.47144703,-113.59092439999999,3,8305.2
128,53.4660411,-113.47283290000001,5,4674.2
132,53.51875284,-113.4242616,4,3729.6
134,53.46366625,-113.5450078,1,3895.1
135,53.46258265,-113.5420315,1,3583.6
136,53.45468813,-113.55754640000002,3,6488.3
137,53.45632971,-113.5610487,3,5827.8
138,53.45802656,-113.5603199,3,6156.2
147,53.51487708,-113.44290690000001,4,2471.5
152,53.42490752,-113.5327273,3,2598.5
160,53.46848051,-113.57867350000001,3,7617.2
164,53.44181187,-113.4096613,5,3938.1
165,53.44014982,-113.39851090000002,5,4534.1
166,53.46604928,-113.42358999999999,5,3090.4
169,53.471585,-113.3732625,5,6979.6
170,53.47072251,-113.37322350000001,5,7206.1
178,53.47384301,-113.55164380000001,1,2811.7
181,53.5572473,-113.4252652,0,947.2
182,53.55581701,-113.42690729999998,0,1134.6
183,53.46337868,-113.60282140000001,3,8279.9
188,53.46220918,-113.5656414,3,6519.9
194,53.46839614,-113.59126429999999,3,8849.5
195,53.46538185,-113.58588190000002,3,8466.4
196,53.46430204,-113.5902915,3,8586.4
198,53.42434954,-113.53364840000002,3,3609.1
207,53.424986700000005,-113.4648967,5,6481.2
208,53.4595878,-113.5675726,3,5816.5
209,53.4595287,-113.56693529999998,3,5793.9
215,53.46814891,-113.57721310000001,3,7417.4
217,53.47495511,-113.422836,5,4275.5
218,53.47853544,-113.424299,5,4370.7
222,53.42415026,-113.50669309999999,3,4353.3
224,53.46212668,-113.5552896,3,7315.6
225,53.46236321,-113.5575748,3,7193.2
230,53.44934292,-113.53448929999999,3,7389.3
231,53.44562432,-113.397116,5,4154.4
232,53.47406098,-113.41790490000001,5,4394.4
236,53.45106651,-113.39811090000002,5,3502.3
237,53.44011451,-113.40018570000001,5,4600.8
254,53.46240108,-113.55604209999998,3,7293.1
255,53.46321738,-113.3948895,5,4229.8
256,53.45953514,-113.39599229999999,5,4069.7
257,53.46285063,-113.5696253,3,6300.8
260,53.46308305,-113.5650095,3,6743.9
265,53.47890847,-113.45054640000002,5,4313.4
266,53.4813995,-113.44450990000001,5,4169.2
267,53.47586961,-113.4445511,5,3707.9
270,53.52290707,-113.4354382,4,2847.9
276,53.47925609,-113.4022577,5,6578.2
278,53.480126299999995,-113.39999830000001,5,6451.7
279,53.52016614,-113.4404997,4,2326.9
280,53.52033983,-113.44271540000001,4,2366.5
291,53.45275672,-113.44562859999998,5,1751.1
307,53.47807414,-113.42366979999998,5,4383.2
308,53.47925098,-113.42958459999998,5,4067.2
309,53.54472687,-113.45326010000001,0,4073.2
310,53.47935367,-113.43115159999998,5,3995.3
312,53.48748589,-113.5659146,3,11146.5
315,53.44083244,-113.5338155,3,6647
316,53.47059732,-113.5928699,3,8080.3
336,53.48307766,-113.58590120000001,3,9353.8
355,53.43893039,-113.5263314,3,5824.9
356,53.46059016,-113.4965017,1,6210.3
361,53.44016414,-113.53188,3,6684
368,53.47134206,-113.5846554,3,7677.5
380,53.43931923,-113.53029540000001,3,6268.6
381,53.45182828,-113.4381028,5,1578.3
382,53.52806581,-113.47073219999999,4,1659.2
383,53.46695088,-113.42127240000002,5,3368.2
385,53.53191903,-113.4726713,4,2960
386,53.52545463,-113.46194540000002,4,1605.5
388,53.45773177,-113.56996969999999,3,6274.1
391,53.42228606,-113.5132862,3,4309.1
402,53.46369927,-113.45019140000001,5,2676.2
403,53.47911282,-113.4438854,5,3835.7
404,53.47431735,-113.4071166,5,6196
405,53.47069387,-113.39794640000001,5,5494.5
406,53.45386309,-113.46200990000001,5,2789
407,53.45671841,-113.45957369999999,5,3007.3
408,53.45687343,-113.4632328,5,3144.9
410,53.47811545,-113.38758179999999,5,6570
412,53.49022116,-113.5499831,1,2759.5
414,53.48047051,-113.53072220000001,1,2866
417,53.46061429999999,-113.5758159,3,6523.8
432,53.45752248,-113.50235829999998,5,5683.8
433,53.44719173,-113.5135017,1,6508.6
439,53.55772552,-113.4276558,0,1105.4
440,53.53588945,-113.42300230000001,0,3391.1
464,53.4462491,-113.54256000000001,3,7688.2
465,53.48280224,-113.5327217,1,2757.2
466,53.50330887,-113.5227047,2,3681.3
468,53.43896847,-113.40710359999999,5,4025.5
469,53.46767804,-113.4416367,5,2696.7
470,53.45581327,-113.40838600000001,5,2890
476,53.5213299,-113.49756000000001,2,734.7
484,53.45472483,-113.45056770000001,5,2178.7
487,53.45113302,-113.5995119,3,6273.4
510,53.48811433,-113.4580655,4,5300.5
511,53.53669821,-113.46189820000001,4,3388.3
512,53.47711035,-113.5043452,1,4171.6
527,53.46672862,-113.5288315,1,3839.1
529,53.467689799999995,-113.5293848,1,3597.2
530,53.467867000000005,-113.53485049999999,1,3049
534,53.42428779,-113.46306070000001,5,5371.1
535,53.53453969,-113.46702040000001,4,3088.5
536,53.42521698,-113.50902749999999,3,4275.7
538,53.4516189,-113.4239362,5,1624
539,53.47841391,-113.58253959999999,3,9077.2
542,53.519794299999994,-113.4742138,4,1038.1
547,53.45093514,-113.4441409,5,1691.7
548,53.45122102,-113.4407574,5,1680.1
553,53.47821022,-113.39159950000001,5,7001.9
557,53.44043713,-113.5038836,5,7157.7
558,53.46270509,-113.453122,5,2934.1
559,53.47916891,-113.57608119999999,3,9119.8
560,53.48370558,-113.39943319999999,5,6269.8
561,53.51932181,-113.4397248,4,2398.7
562,53.48327856,-113.57368059999999,3,9582
563,53.48233389,-113.5777663,3,9405.8
564,53.48160024,-113.5860969,3,9497.9
565,53.42651738,-113.5202784,3,4576
566,53.48986304,-113.448793,4,4724
568,53.51698107,-113.4182013,0,4991.7
571,53.45870501,-113.6051601,3,8212.2
579,53.46729849,-113.4503892,5,3178.3
590,53.55320893,-113.4135622,0,1423.6
596,53.49914123,-113.4180896,4,5219.9
597,53.48042908,-113.4525123,5,4410.3
598,53.42752392,-113.46877420000001,5,5755.9
602,53.47392437,-113.51280420000002,1,3869.1
603,53.47212387,-113.50446389999999,1,4511.1
604,53.471220200000005,-113.5001519,1,4781.3
605,53.47097272,-113.5127803,1,4281
606,53.482371400000005,-113.54835109999999,1,694.9
607,53.4522277,-113.58048500000001,3,5050.1
609,53.42520833,-113.45531270000001,5,4824.5
614,53.46648414,-113.44256090000002,5,2525.6
615,53.47314712,-113.44776599999999,5,3620.6
618,53.45880153,-113.49559540000001,5,6059.6
619,53.45768479,-113.5682626,3,5701.4
620,53.45726301,-113.57175409999999,3,6118.9
622,53.45721917,-113.5692037,3,5745.4
623,53.45082585,-113.43936370000002,5,1713.6
624,53.44871371,-113.4392548,5,1459.5
625,53.448309200000004,-113.56869909999999,3,4830.2
626,53.4489733,-113.44601100000001,5,1990.1
629,53.482496700000006,-113.4736304,4,6202.6
640,53.48335537,-113.38495879999999,5,7281
642,53.47865242,-113.37917479999999,5,7087.7
643,53.51372686,-113.44100120000002,4,2504
649,53.48532079,-113.51767269999999,1,3974.7
653,53.47857729999999,-113.5604946,3,8698
662,53.47572009,-113.3709659,5,7226.9
665,53.44449059,-113.4921947,5,5222
666,53.42479836,-113.419698,5,5145.6
667,53.42185194,-113.52935690000001,3,3236.5
674,53.45380976,-113.49978329999999,5,5066.1
684,53.50213359,-113.5197294,2,3491.9
685,53.49938942,-113.51345740000001,2,3358.2
690,53.52927571,-113.5347376,2,2967.4
691,53.52514221,-113.53594950000002,2,2528.3
693,53.48356597,-113.45160759999999,5,4919.5
694,53.5228885,-113.4517041,4,1952.3
695,53.44146169,-113.52001059999999,3,6023.7
696,53.45257951,-113.4610376,5,2596.8
699,53.46551089,-113.5367304,1,3144.3
718,53.50285263,-113.5165057,2,3178.5
719,53.50634093,-113.51835109999999,2,2890.2
721,53.504839399999994,-113.51576299999999,2,2893.9
724,53.48643348,-113.4537909,5,5085.5
735,53.50944504,-113.46676070000001,4,2074.8
744,53.44692679,-113.5408466,3,7638.1
747,53.44958738,-113.57644979999999,3,4761.1
752,53.49984532,-113.51366110000001,2,3356.2
761,53.43804279,-113.5716399,3,3181.7
764,53.42187192,-113.5308922,3,3359.4
769,53.42995528,-113.51260249999999,3,4440.8
773,53.47087639,-113.4185957,5,4141.1
777,53.44096431,-113.3942473,5,4861.8
781,53.46754635,-113.42239620000001,5,3234.4
786,53.4680613,-113.38650619999999,5,5743.6
787,53.42230666,-113.46684909999999,5,5708.8
789,53.45895751,-113.45680449999999,5,2643.9
791,53.46791503,-113.5234824,1,3904.3
792,53.47190747,-113.5323027,1,2522.8
793,53.44114538,-113.4013158,5,4303.3
807,53.50627725,-113.53650549999999,2,3950.6
809,53.52644386,-113.45410919999999,4,2415.4
813,53.46592525,-113.56589840000002,3,6951.3
814,53.47994354,-113.52902320000001,1,2702.7
820,53.45229309,-113.4495041,5,2677
821,53.48126055,-113.53599309999998,1,2601.8
822,53.43670696,-113.5383577,3,6857.9
823,53.43827893,-113.5383332,3,6772.2
825,53.51348259,-113.47519399999999,4,1402.6
826,53.52278344,-113.495112,2,814.3
827,53.51638268,-113.5217269,2,1937.9
841,53.52354243,-113.4443855,4,2466.9
859,53.47412343,-113.46827009999998,5,5002.8
861,53.44216316,-113.5329408,3,6905.5
862,53.47579203,-113.4586733,5,4386.7
863,53.47758279,-113.45299920000001,5,4210.3
881,53.50248620000001,-113.45885,4,3307.7
882,53.46162335,-113.5889866,3,8287.1
883,53.53870576,-113.4795739,2,3992.7
886,53.41970377,-113.50991599999999,3,4409.1
897,53.47438396,-113.52003909999998,1,3096.1
898,53.47547724,-113.5201007,1,3500.4
906,53.47279653,-113.3993744,5,5891.1
909,53.46483969,-113.5767544,3,7093.3
910,53.45234693,-113.4600996,5,2450.3
926,53.52461864,-113.4895913,2,1194.2
929,53.42888437,-113.4955783,3,5833.9
930,53.49932034,-113.5778442,3,11101.3
931,53.43810876,-113.54185290000001,3,7203.4
934,53.43901847,-113.5667779,3,3581.6
935,53.45019473,-113.5963006,3,5998.6
938,53.47677191,-113.56253159999999,3,8490.4
947,53.50190593,-113.4560504,4,3108.5
948,53.44028845,-113.63030619999999,3,5261.7
950,53.46343815,-113.56308659999999,3,6661
952,53.47065967,-113.5321777,1,2953.9
953,53.440090399999995,-113.44158859999999,5,2378.8
954,53.44215484,-113.4430531,5,2321.2
967,53.46817047,-113.4043338,5,4024
969,53.48040848,-113.43020790000001,5,4129.8
970,53.44154273,-113.53984209999999,3,7090.3
974,53.46250399,-113.590147,3,8168.5
975,53.48161951,-113.44761310000001,5,4155.1
976,53.45366325,-113.3962258,5,3590.4
979,53.45526058,-113.448311,5,1836.3
982,53.46164111,-113.56661799999999,3,6548.2
984,53.48343497,-113.57911100000001,3,9224
985,53.501875600000005,-113.4687706,4,3782.6
988,53.43205583,-113.4640388,5,5902.8
989,53.42308569,-113.46893429999999,5,6260.9
993,53.47394159,-113.41079270000002,5,6479.7
995,53.52440917,-113.4519433,4,2069
996,53.47794898,-113.42073059999998,5,4504.9
997,53.44762469,-113.51256409999998,1,6393.8
1001,53.48206292,-113.41329909999999,5,5093.5
1003,53.45033688,-113.5981467,3,6134
1008,53.44261089999999,-113.51625370000001,3,5880.6
1012,53.48325228,-113.5286612,1,3465.1
1014,53.51714175,-113.47521850000001,4,800.4
1016,53.48113812,-113.5074372,1,4318.2
1017,53.53593095,-113.4310656,0,3673.4
1021,53.50132503,-113.5031567,2,2483.9
1022,53.52588522,-113.5158166,2,1665.2
1023,53.52325774,-113.4799824,4,1573.1
1031,53.46971452,-113.5573051,1,4935.7
1035,53.45299725,-113.45810049999999,5,2872.7
1042,53.42625235,-113.5373578,3,2718.5
1048,53.42474558,-113.4309533,5,5388.7
1049,53.45908910000001,-113.52470670000001,1,4819.9
1050,53.42493252,-113.4311662,5,5402.3
1058,53.44094322,-113.45266840000001,5,3156.1
1068,53.47893527,-113.4134385,5,5357.1
1070,53.48682407,-113.4020903,5,6265.6
1072,53.48827938,-113.5304618,1,3017.6
1073,53.45786813,-113.56277299999999,3,5959.6
1075,53.53849365,-113.4265287,0,3083.6
1091,53.48405855,-113.4134176,5,5694.3
1092,53.47592234,-113.4407956,5,4063.6
1095,53.48006893,-113.49437490000001,2,5458.2
1096,53.48076577,-113.4940646,2,5437.8
1098,53.48545611,-113.4477429,5,4472.1
1099,53.45723076,-113.5654385,3,5849.8
1100,53.45607473,-113.56183899999999,3,6247.7
1101,53.48322226,-113.54842020000001,1,2310.3
1103,53.46609391,-113.4143055,5,3310.3
1104,53.46446839,-113.400625,5,4141.5
1107,53.51654634,-113.5226287,2,2857.5
1108,53.52454676,-113.512922,2,992.2
1109,53.52178477,-113.5371705,2,2627.1
1110,53.45038315,-113.45360690000001,5,2436.8
1111,53.49914286,-113.49836090000002,2,3407.7
1113,53.45538745,-113.467122,5,3227.1
1114,53.47870935,-113.539798,1,2096.4
1115,53.4606329,-113.5138247,1,5131
1118,53.42524929,-113.46066029999999,5,5469.7
1120,53.45526552,-113.5579847,3,5789.1
1123,53.42945449,-113.4605923,5,5424
1124,53.43205228,-113.46093090000001,5,5688.8
1125,53.43206463,-113.45542520000001,5,5713
1129,53.48053841,-113.4970369,2,5112.5
1132,53.46159102,-113.4018121,5,3359.5
1133,53.46938536,-113.4107342,5,3879.2
1135,53.46996222,-113.38484509999999,5,5714.9
1136,53.47089793,-113.38208770000001,5,5923.6
1137,53.47367477,-113.3802369,5,6938.4
1139,53.50890304,-113.4480183,4,2229.7
1140,53.510901000000004,-113.44287879999999,4,2295.5
1141,53.4635544,-113.46299760000001,5,3743.1
1149,53.471574200000006,-113.49566540000001,1,4952.6
1150,53.48048827,-113.54817240000001,1,2692.1
1151,53.50271269,-113.5182882,2,3214.2
1154,53.45172026,-113.4922443,5,4776.2
1155,53.45839608,-113.4952509,5,6025.4
1156,53.46111483,-113.5347027,1,4059.3
1157,53.46931683,-113.55410719999999,1,4726.3
1161,53.42087888,-113.467405,5,5951.3
1165,53.48525915,-113.57211140000001,3,9789.1
1167,53.48079517,-113.4552256,5,4701
1168,53.51263052,-113.5349077,2,3270.3
1169,53.50870261,-113.53440069999999,2,3638.6
1170,53.4430186,-113.4269189,5,2778.2
1174,53.50075934,-113.4611437,4,3109.2
1175,53.50386697,-113.4623646,4,3583.5
1176,53.51111583,-113.46078529999998,4,1120.4
1177,53.45756451,-113.4189917,5,2455.8
1179,53.46324246,-113.59289840000002,3,7940.7
1180,53.46108167,-113.45535220000001,5,2827.6
1181,53.46101619,-113.4516362,5,2701.2
1182,53.42110526,-113.50839440000001,3,4604.5
1183,53.462897999999996,-113.54407340000002,1,3716.2
1184,53.46414889,-113.45524329999999,5,3065
1186,53.52396898,-113.5027247,2,532.3
1187,53.502250399999994,-113.4615795,4,3159.5
1189,53.45758454,-113.51567649999998,1,5208.3
1193,53.49922599,-113.45255470000001,4,3973.2
1193,53.49922599,-113.45255470000001,4,3973.2
1201,53.44102796,-113.4436001,5,2367.7
1202,53.43910077,-113.4446028,5,2622.3
1204,53.4841667,-113.563694,3,11565.5
1211,53.49742958,-113.57420929999999,3,10947.3
1219,53.48227402,-113.40002630000001,5,6908.3
1220,53.47991266,-113.51299579999998,1,4159
1221,53.480784,-113.51133940000001,1,4328.5
1223,53.48514063,-113.52106979999999,1,3788.2
1224,53.48622188,-113.5223581,1,3696.9
1225,53.50045846,-113.5012432,2,2907.1
1226,53.52753307,-113.482624,2,1857.9
1228,53.52571401,-113.4889881,2,1261.9
1232,53.48114421,-113.4058149,5,5725.2
1237,53.47453048,-113.582503,3,9269.3
1238,53.47456015,-113.59396100000001,3,8868.8
1239,53.44033979999999,-113.526141,3,6543.1
1240,53.48467129,-113.56379799999999,3,11650
1243,53.44115791,-113.5357926,3,6783.7
1244,53.44007421,-113.53564270000001,3,6635.9
1245,53.47616867,-113.5963977,3,9215.4
1248,53.47916235,-113.5911537,3,9284.6
1249,53.4714405,-113.4970968,1,4967.7
1253,53.49184378,-113.46000090000001,4,4159.3
1255,53.46692412,-113.4987791,1,5875
1257,53.42449233,-113.5303023,3,2759.6
1262,53.46828313,-113.52721709999999,1,3634.6
1263,53.47826259,-113.59305149999999,3,9074.4
1272,53.45466114,-113.4096457,5,2578.4
1279,53.45901085,-113.54184620000001,1,4394.2
1287,53.49480108,-113.52034920000001,2,4375
1288,53.47676193,-113.5240764,1,3245.9
1289,53.45539654,-113.52565919999999,1,5016.7
1292,53.42915368,-113.47131920000001,5,5901.9
1293,53.51531289,-113.53296770000001,2,3186.7
1294,53.50990058,-113.51980060000001,2,2616
1295,53.46940209,-113.5677741,3,7464.8
1296,53.46911913,-113.5673905,3,7452.1
1297,53.46914301,-113.56924690000001,3,7343.3
1308,53.47247757,-113.44112849999999,5,3074.4
1309,53.42339942,-113.53768600000001,3,3530.2
1312,53.45190384,-113.4304811,5,1453.1
1313,53.47213596,-113.3919408,5,5886.9
1316,53.53171493,-113.4217322,0,3840.6
1319,53.47005269,-113.38710470000001,5,5672.2
1320,53.47027557,-113.3884965,5,5555.6
1329,53.43201346,-113.4957155,3,5673.2
1338,53.49525905,-113.58264790000001,3,10844.4
1339,53.46117129,-113.57381799999999,3,6404.4
1342,53.49972867,-113.45711899999999,4,3160.8
1343,53.45349025,-113.57354860000001,3,5740.8
1346,53.45432682,-113.39309569999999,5,4571
1349,53.45444878,-113.5178155,1,5526.4
1350,53.42265384,-113.5300018,3,3219.1
1351,53.42437991,-113.5363726,3,3735.6
1352,53.43211931,-113.5213959,3,4590.9
1353,53.48200727,-113.56326999999999,3,8817.1
1361,53.48157221,-113.39082890000002,5,6812.7
1362,53.47374505,-113.3884135,5,5892.1
1363,53.47552621,-113.38721229999999,5,6382.2
1366,53.51515315,-113.53010379999999,2,2634.1
1367,53.50800915,-113.53819540000002,2,3948
1369,53.4975966,-113.5025779,2,3409
1370,53.48841224,-113.5109577,1,4082.6
1371,53.49448684,-113.50527340000002,2,3285.5
1372,53.49548924,-113.5045618,2,3133
1373,53.49717844,-113.51264979999999,2,3548.3
1374,53.49945764,-113.5424794,1,3475.4
1375,53.50203247,-113.54399140000001,1,3757.9
1376,53.50095369,-113.54789070000001,1,3911.1
1377,53.499743099999996,-113.55183740000001,1,3974.6
1378,53.49871312,-113.5507144,1,3847.1
1380,53.50441537,-113.4562932,4,3442
1381,53.46635255,-113.39937520000001,5,4162.9
1386,53.44169228,-113.5294923,3,6985.6
1390,53.4620272,-113.5175962,1,4588.4
1391,53.46415942,-113.52630819999999,1,3962.6
1392,53.4659225,-113.53096550000001,1,3747.4
1393,53.46523485,-113.52012490000001,1,4526.6
1394,53.49795571,-113.5683269,3,11648.5
1395,53.42085897,-113.50896770000001,3,4514.3
1399,53.45539761,-113.59295139999999,3,7466.1
1400,53.47068194,-113.57038179999999,3,7370
1404,53.44504895,-113.52929420000001,3,6472.6
1405,53.44625399,-113.5286449,3,7043
1416,53.47622791,-113.5665807,3,8113.2
1417,53.43788843,-113.5378652,3,6789
1420,53.48470116,-113.3807797,5,7402.8
1421,53.47076357,-113.57188570000001,3,7297.2
1422,53.4479728,-113.43255359999999,5,1476.8
1423,53.44817357,-113.42331409999998,5,2059.6
1424,53.45208637,-113.42588700000002,5,1475.7
1427,53.48265597,-113.5044001,2,4779.8
1428,53.49172111,-113.5198699,1,4260.2
1429,53.48859595,-113.52000840000001,1,3501.1
1430,53.48859852,-113.5256909,1,3128.1
1431,53.49092275,-113.5250283,1,3617.8
1432,53.49487381,-113.5271346,1,3732.7
1433,53.49257115,-113.5289358,1,3370.8
1434,53.48980738,-113.548294,1,2727.6
1435,53.44120747,-113.4595298,5,3287.4
1436,53.44298538,-113.4577692,5,3115.3
1437,53.48613255,-113.5251761,1,3454.2
1438,53.44805732,-113.41525530000001,5,2688.3
1441,53.4769466,-113.5457202,1,2352
1442,53.51404644,-113.51040900000001,2,1706.7
1446,53.49314887,-113.4595989,4,3974.3
1447,53.47401729,-113.4594378,5,4223.3
1449,53.47033728,-113.4148232,5,3749.5
1450,53.46912852,-113.4624634,5,4349.8
1451,53.47182007,-113.44302379999999,5,3143
1452,53.46316160000001,-113.4618949,5,3386.2
1453,53.46072409,-113.46233400000001,5,3536.2
1456,53.52541651,-113.44071100000001,4,3227.2
1457,53.425592599999995,-113.4703023,5,6027.2
1459,53.42862787,-113.52646440000001,3,3435.6
1460,53.4588106,-113.55563000000001,3,6374
1461,53.47250303,-113.3764284,5,6581.4
1467,53.48795973,-113.49516399999999,2,4863.4
1477,53.52333467,-113.4198854,4,4442.3
1479,53.43971695,-113.41984690000001,5,3563.1
1488,53.46576161,-113.40817120000001,5,3833
1491,53.52052255,-113.53463490000001,2,2473.2
1492,53.51662569,-113.51063229999998,2,1405.3
1493,53.43871656,-113.4530145,5,3218.5
1494,53.45891079,-113.5467675,1,4430
1496,53.46844105,-113.57973249999999,3,7565.8
1497,53.47941443,-113.45456909999999,5,4459.1
1499,53.422341599999996,-113.50440220000002,3,4802.1
1500,53.41907741,-113.5084689,3,4749.4
1505,53.50681628,-113.51335949999999,2,2540.5
1506,53.51153414,-113.51927079999999,2,2335.6
1507,53.51527628,-113.5200636,2,2039.6
1508,53.52136465,-113.49695619999999,2,637.5
1511,53.45781988,-113.3866463,5,4599.1
1513,53.51029192,-113.5174088,2,2478.8
1514,53.49465765,-113.51061750000001,2,3789.5
1515,53.490123399999995,-113.50072240000001,2,4007.9
1516,53.49180881,-113.50070649999999,2,3809.5
1517,53.5012907,-113.49866840000001,2,3300.4
1518,53.50445888,-113.49981480000001,2,2434.1
1520,53.46309019,-113.5598561,3,6563.5
1529,53.45580275,-113.5182087,1,5374.3
1530,53.4558456,-113.5299861,1,4389.7
1531,53.45726571,-113.53835590000001,1,4394.5
1534,53.47898303,-113.572598,3,8212.4
1540,53.46567019,-113.5226015,1,4380.9
1541,53.44390089,-113.54133859999999,3,7395.1
1542,53.44889499999999,-113.54289170000001,3,7663.4
1543,53.44341294,-113.524728,3,6101.5
1546,53.46206398,-113.51405259999999,1,5614.4
1547,53.47341421,-113.5000821,1,4359
1548,53.43920366,-113.42760249999999,5,2857.1
1549,53.47091629999999,-113.59632990000001,3,9889.3
1552,53.46921579999999,-113.5994337,3,9614.1
1553,53.46838843,-113.5994591,3,8819.1
1555,53.45237812,-113.56709029999999,3,4979.5
1557,53.501082700000005,-113.5715272,3,11536.8
1558,53.4976314,-113.57964,3,10943.7
1566,53.45079412,-113.52308020000001,1,5379.5
1568,53.43892909,-113.426705,5,3171
1569,53.46114379,-113.5376483,1,3941.6
1571,53.44927413,-113.52737079999999,1,4992.3
1573,53.43761916,-113.52318340000001,3,5844.9
1574,53.4369637,-113.5328706,3,6360.2
1575,53.47870978,-113.5631236,3,8428.5
1579,53.48994103,-113.50779140000002,2,4367.5
1580,53.48511298,-113.54672839999999,1,2246.1
1581,53.4936904,-113.5210463,1,4101
1582,53.47573451,-113.51172509999999,1,3598.6
1583,53.50808986,-113.4573469,4,1492.3
1584,53.47877903,-113.50925249999999,1,4027
1585,53.47993615,-113.51132460000001,1,4102.6
1586,53.51914012,-113.53460929999999,2,2968.9
1589,53.51881167,-113.4962756,2,1127
1590,53.52814906,-113.50525959999999,2,3589.4
1599,53.47084369,-113.3852557,5,6013.7
1600,53.44018994,-113.4292992,5,2626.8
1601,53.44755859,-113.5797159,3,4704.6
1602,53.44578333,-113.5824423,3,4761.5
1608,53.44420822,-113.48744270000002,5,5017
1610,53.49206297,-113.50448929999999,2,3514.1
1611,53.47400654,-113.4005423,5,6191.6
1612,53.4792581,-113.4489091,5,4350.1
1619,53.50985621,-113.53491090000001,2,3494.1
1621,53.52275463,-113.49881509999999,2,415.5
1622,53.48954662,-113.45473799999999,4,4153.2
1623,53.45485526,-113.4033495,5,2781.6
1624,53.43937612,-113.42443059999998,5,3285.6
1625,53.43865600000001,-113.4351926,5,2624
1626,53.44041168,-113.43341640000001,5,2754.8
1628,53.44864911,-113.46106909999999,5,2986.7
1629,53.52582983,-113.5326362,2,2402.2
1630,53.52742809,-113.5363244,2,2690.8
1633,53.51258752,-113.50447790000001,2,1233.7
1634,53.51424547,-113.5355121,2,3210.9
1635,53.51250531,-113.5287588,2,2917.8
1636,53.50966421,-113.5083314,2,1923.9
1637,53.5080913,-113.501746,2,1933.9
1638,53.52187389,-113.53471929999999,2,2361.2
1639,53.5070304,-113.53702,2,3985.2
1642,53.46375409,-113.46140220000001,5,4010
1643,53.46444895,-113.4589404,5,3807.8
1644,53.48726388,-113.40614520000001,5,5983.5
1645,53.45376048,-113.44879080000001,5,2195.8
1646,53.45326491,-113.43992420000001,5,1050.5
1652,53.50784204,-113.4410902,4,3069.7
1654,53.49982618,-113.46237659999998,4,3157.6
1656,53.47011655,-113.5111887,1,4286.2
1657,53.48456095,-113.447928,5,4486
1658,53.55564341,-113.42972169999999,0,1290.9
1659,53.53674607,-113.4682492,4,3604.4
1663,53.46118388,-113.51825819999999,1,4955.5
1668,53.46077611,-113.5398996,1,4299.4
1674,53.50483238,-113.4689413,4,2388.1
1675,53.47011375,-113.51423989999999,1,4494.3
1676,53.44515428,-113.53541799999999,3,6877.8
1677,53.47829628,-113.5980875,3,9458.3
1682,53.44306248,-113.53477099999999,3,6983.6
1687,53.48947319,-113.56408449999999,3,11125.5
1688,53.4948405,-113.56823390000001,3,11290.9
1689,53.4904304,-113.5676581,3,10756.5
1690,53.46602925,-113.5083733,1,5720.5
1691,53.49349408,-113.5673686,3,11095.2
1692,53.49586336,-113.5729885,3,10821.7
1693,53.47007117,-113.52536200000002,1,3141.6
1695,53.47216984,-113.5694037,3,7595.8
1706,53.4596741,-113.5393229,1,4162.7
1707,53.45999034,-113.54093130000001,1,4146
1708,53.45964155,-113.54366529999999,1,4447
1710,53.53221461,-113.5348299,2,2997
1711,53.43508963,-113.63258259999999,3,5656.9
1712,53.47422393,-113.40278130000002,5,6216.7
1713,53.47559528,-113.4035751,5,6432.3
1714,53.4638973,-113.45441609999999,5,3048
1716,53.45440327,-113.59949109999998,3,6294.8
1720,53.48557887,-113.5685092,3,11462.3
1721,53.41801598,-113.50612079999999,3,5039.7
1722,53.4255842,-113.46646000000001,5,5573.9
1723,53.42411485,-113.5131672,3,3948.8
1743,53.47738113,-113.571344,3,8095.7
1748,53.50743721,-113.49957909999999,2,2100.6
1749,53.47530693,-113.4072125,5,6062.4
1752,53.46680909,-113.4546789,5,3594.2
1756,53.45743493,-113.60509009999998,3,8176.9
1757,53.47366247,-113.58920259999998,3,8297.4
1759,53.48332882,-113.45771979999999,5,5053.2
1760,53.45924056,-113.37441270000001,5,5244.3
1761,53.46685282,-113.51155530000001,1,4734.1
1762,53.46640219,-113.50943410000001,1,5538.4
1767,53.48551602,-113.45204199999999,4,4623.5
1769,53.525118299999995,-113.49180439999999,2,1776.9
1770,53.43182485,-113.53373959999999,3,3408.4
1771,53.46537684,-113.4587719,5,4508.6
1772,53.4390337,-113.57164679999998,3,3621.2
1778,53.44264997,-113.4290041,5,2446.5
1779,53.47325833,-113.41226670000002,5,3970.6
1782,53.44243432,-113.46353859999999,5,3595.9
1784,53.47985752,-113.42340379999999,5,4800
1787,53.4776149,-113.414709,5,5499.1
1788,53.49467404,-113.5709562,3,11378.6
1789,53.50435615,-113.53654109999998,2,4066.4
1791,53.52004776,-113.53872949999999,2,3189.6
1792,53.47299555,-113.3954121,5,5959.2
1793,53.44291311,-113.51939009999998,3,5736.2
1794,53.48562893,-113.54149070000001,1,1784.8
1796,53.45687427,-113.50056219999999,5,5530.2
1797,53.44398441,-113.4470709,5,2347.9
1798,53.43093699,-113.53180890000002,3,3367.6
1799,53.44035045,-113.51542169999999,3,5531.6
1804,53.46852206,-113.590567,3,8849.5
1805,53.47225564,-113.57825940000001,3,7773.5
1810,53.48176008,-113.41583829999999,5,4991.5
1814,53.48249405,-113.38069650000001,5,7582.3
1816,53.48626437,-113.5731096,3,9974.4
1817,53.48588994,-113.5704678,3,11387.8
1821,53.48256843,-113.51418159999999,1,4462.5
1823,53.45268009,-113.4471929,5,1558.7
1825,53.51228056,-113.46825630000001,4,984
1827,53.463860200000006,-113.39485079999999,5,4150.5
1828,53.46463922,-113.40632240000002,5,4199.1
1830,53.48091479,-113.4763368,5,6596.3
1831,53.50102494,-113.5538245,1,4199
1837,53.45169814,-113.46323980000001,5,2611.3
1841,53.48192802,-113.45684709999999,5,5294.3
1842,53.44429154,-113.4504405,5,2766.3
1846,53.46710897,-113.5047182,1,5317.3
1847,53.47363882,-113.394273,5,6116.3
1849,53.46649685,-113.38542779999999,5,5684.9
1850,53.46936302,-113.3935295,5,6260.5
1853,53.51107684,-113.4796675,4,1742.3
1854,53.51080393,-113.44925020000001,4,1807.8
1858,53.49595387,-113.57862779999999,3,10761.6
1859,53.49371434,-113.5635699,3,11269
1860,53.5525782,-113.44016529999999,0,3345.6
1861,53.50760849,-113.535983,2,3692.5
1862,53.47468751,-113.5707626,3,7834.1
1863,53.44800717,-113.4642232,5,3104.7
1864,53.47926415,-113.5902821,3,9157.9
1866,53.48692327,-113.5010953,2,4363.3
1867,53.50596204,-113.46371429999999,4,3742.5
1868,53.50873972,-113.46091159999999,4,1264.5
1869,53.5055051,-113.4487169,4,2806.9
1870,53.50977333,-113.4432727,4,2527.7
1871,53.47207201,-113.5684263,3,7601
1873,53.42050509,-113.50641780000001,3,4661.5
1877,53.50650567,-113.45070859999998,4,2380.2
1878,53.50256176,-113.54128500000002,1,3654.2
1885,53.46501407,-113.5032784,1,5424.1
1886,53.46393533,-113.51567309999999,1,4501.5
1889,53.46193542,-113.46709809999999,5,3661.1
1892,53.48320192,-113.35734529999999,5,8823.9
1893,53.52760479999999,-113.5470072,2,4212.8
1894,53.53897702,-113.44554550000001,4,4253.8
1895,53.46100863,-113.4119567,5,3530.3
1896,53.46389669,-113.40031689999999,5,3789.2
1897,53.41311286,-113.49733290000002,3,6306.8
1898,53.49905634,-113.51192979999999,2,3290.1
1903,53.45575162,-113.44027790000001,5,411.7
1904,53.47695007,-113.51698700000001,1,3385.6
1905,53.48513048,-113.46638229999999,4,5075.9
1906,53.54687053,-113.41856010000001,0,1666.4
1908,53.47680556,-113.3820092,5,6507.3
1909,53.4473819,-113.5655477,3,4425.8
1910,53.45633745,-113.45727439999999,5,2930.1
1913,53.44234378,-113.5295106,3,6896.9
1915,53.44790167,-113.45031709999999,5,2185.7
1916,53.45936018,-113.5001615,5,5885.9
1917,53.46096072,-113.59690049999999,3,7657.5
1918,53.495546999999995,-113.5713402,3,11475.5
1919,53.50413648,-113.5460037,1,4022.2
1920,53.50201708,-113.5719091,3,11512.1
1922,53.44940491,-113.40656129999999,5,3162.7
1938,53.48114281,-113.5210328,1,3295
1939,53.46393601,-113.5571622,3,7073.5
1941,53.46451026,-113.5020966,1,5677.8
1944,53.48098194,-113.393479,5,7290.1
1945,53.48846335,-113.3938508,5,7249.1
1946,53.49080719,-113.3941572,5,7511.5
1951,53.44964893,-113.5379768,3,7585.2
1952,53.44894531,-113.5405952,3,7515.8
1953,53.48722420000001,-113.5473912,1,2540.7
1956,53.46157156,-113.54229879999998,1,4272
1957,53.45679524,-113.54267220000001,1,4141.2
1958,53.4616238,-113.5543173,3,7315.6
1959,53.46314759,-113.5547361,3,7225.6
1960,53.47997296,-113.5906176,3,9233.4
1963,53.48273203,-113.5269517,1,3183.1
1964,53.49148107,-113.49555,2,5141.4
1965,53.4639958,-113.4461327,5,2882.6
1966,53.5473042,-113.43463659999999,0,2465.5
1967,53.44403276,-113.41106429999999,5,3252.1
1969,53.46701065,-113.537944,1,3273
1970,53.54941313,-113.419752,0,1547.6
1974,53.47576794,-113.595676,3,9168.6
1978,53.45830869,-113.51632839999999,1,5151.2
1980,53.44893668,-113.39412820000001,5,4253.9
1981,53.41724831,-113.50927630000001,3,4899.7
1985,53.47743709,-113.51338559999999,1,3739.5
1989,53.45667036,-113.37442479999999,5,4979.3
1990,53.46759644,-113.5038615,5,6482.9
1991,53.46164208,-113.4886324,5,5211.8
1995,53.45735429999999,-113.5977432,3,7434.9
1997,53.46689691,-113.50682979999999,1,5839.7
2001,53.45977218,-113.51152749999999,1,5271.6
2004,53.46393297,-113.5148367,1,5517.3
2005,53.44873045,-113.443077,5,2070.9
2006,53.45345882,-113.407104,5,3218
2007,53.42904909,-113.5017557,3,5539
2008,53.49878431,-113.5703439,3,11856.7
2009,53.49623875,-113.58779170000001,3,11042.5
2010,53.47519253,-113.5884696,3,9252.8
2011,53.43092332,-113.51796780000001,3,4318.1
2014,53.56051041,-113.4122403,0,180.6
2016,53.54874589,-113.4057399,0,2256.8
2017,53.468691099999994,-113.38047379999999,5,7191.1
2018,53.46064037,-113.4935366,5,6373.4
2031,53.45224164,-113.6013752,3,6472.1
2032,53.42439209,-113.5110578,3,4342.7
2034,53.49612748,-113.5765269,3,10726.3
2035,53.47229349,-113.59299329999999,3,8421.2
2039,53.51035033,-113.45716000000002,4,1423.8
2045,53.428884499999995,-113.45305929999999,5,5515.1
2047,53.453222499999995,-113.44209199999999,5,1194.6
2048,53.45217177,-113.4535202,5,2635.7
2053,53.52197042,-113.50176699999999,2,305.9
2054,53.48362742,-113.52552240000001,1,3611.3
2055,53.52702145,-113.51793559999999,2,1556
2060,53.44303491,-113.56456670000001,3,4347.7
2061,53.45442942,-113.5686487,3,5884.8
2062,53.50510071,-113.45424129999999,4,2320.7
2063,53.47858123,-113.3847973,5,6699.3
2066,53.4276126,-113.45284779999999,5,5538.6
2067,53.42676972,-113.45277920000001,5,5130.2
2068,53.42624455,-113.4524301,5,4706.7
2069,53.42523781,-113.45279199999999,5,5232.9
2073,53.50009282,-113.48985929999999,2,3480.1
2074,53.50080356,-113.5631143,1,5854.6
2077,53.44169474,-113.5326955,3,6832.7
2080,53.48052107,-113.4521361,5,4419
2082,53.50604401,-113.5386693,2,4246.5
2084,53.45234633,-113.5999402,3,6220.5
2085,53.50013044,-113.4623617,4,3186.2
2087,53.46581367,-113.49622649999999,1,5827
2088,53.47052086,-113.51596090000001,1,4479.3
2095,53.44665148,-113.56494340000002,3,4939.2
2097,53.44895442,-113.5169053,1,5844.9
2103,53.42111137,-113.45731770000002,5,5436.6
2106,53.46126963,-113.49184369999999,5,6416.3
2130,53.44331519,-113.566122,3,4698.3
2134,53.571041,-113.54204070000002,2,7747.3
2141,53.46945111,-113.44499740000002,5,3111.6
2142,53.47106546,-113.450702,5,3672
2147,53.44843156,-113.52419579999999,1,5526.4
2150,53.44025147,-113.51355759999998,3,5683.9
2151,53.42538246,-113.4729777,5,5878.3
2152,53.43061093,-113.5142044,3,4394.3
2156,53.44317506,-113.448125,5,2578.7
2157,53.52669682,-113.50841170000001,2,3722.8
2161,53.46767515,-113.57376909999999,3,6919.6
2162,53.48292404,-113.3545402,5,8953.5
2163,53.424964100000004,-113.50763219999999,3,4262
2164,53.55869211,-113.42542759999998,0,957.8
2165,53.51663277,-113.40355339999999,0,6615.1
2168,53.46521293,-113.5950585,3,7844.7
2170,53.41853583,-113.5296777,3,3798.8
2172,53.46846147,-113.3747242,5,7334.5
2174,53.41301857,-113.4962645,3,6279.7
2179,53.52463416,-113.50692450000001,2,548.1
2183,53.48935209,-113.49904540000001,2,4268.1
2184,53.454164799999994,-113.5252887,1,4898.7
2189,53.49749314,-113.52041820000001,2,4709.9
2190,53.49914418,-113.5450879,1,3440.8
2191,53.48661841,-113.5440894,1,2153.1
2193,53.52148967,-113.4750752,4,1073.2
2194,53.50096985,-113.46779270000002,4,3828.8
2195,53.47643804,-113.59104040000001,3,8862
2196,53.48198664,-113.5820029,3,9072.6
2202,53.47013455,-113.4097413,5,3865.3
2203,53.44946567,-113.4578253,5,2684.3
2204,53.47298593,-113.58646359999999,3,8606.1
2206,53.43045794,-113.503433,3,5274.8
2207,53.43139559,-113.49726229999999,3,5624.2
2208,53.43203834,-113.49880159999998,3,5482.6
2209,53.43141066,-113.5003588,3,5344.6
2210,53.43323506,-113.5023265,3,5250.8
2216,53.46878653,-113.40748310000001,5,3973.9
2217,53.5254877,-113.4743503,4,1524.3
2223,53.49481141,-113.4566503,4,3779.9
2224,53.47705467,-113.41336609999999,5,5601.8
2233,53.46495912,-113.4432916,5,2414.8
2237,53.47661456,-113.56943600000001,3,8076.9
2239,53.47725876,-113.56225819999999,3,8524.7
2242,53.48339383,-113.460233,5,5212.3
2244,53.45954006,-113.41201459999999,5,2752.3
2245,53.44683595,-113.5439631,3,7781.7
2247,53.43956223,-113.53657609999999,3,6669.7
2249,53.49497705,-113.50207069999999,2,3566.7
2250,53.46914599,-113.42334640000001,5,3100.5
2251,53.46169964,-113.6004013,3,7874.7
2255,53.45371070000001,-113.42858390000002,5,1210.4
2256,53.4675247,-113.5769858,3,8034.4
2257,53.42492122,-113.4996855,3,4788.6
2258,53.47725962,-113.49161869999999,1,5240.8
2259,53.47118696,-113.49375890000002,1,6083
2260,53.5336275,-113.48569979999999,2,2210.2
2261,53.53647744,-113.48166909999999,2,4201.4
2263,53.43238135,-113.50496869999999,3,5039
2265,53.47864431,-113.59832549999999,3,9473.7
2266,53.525110600000005,-113.4993747,2,3577.9
2270,53.47390517,-113.3689558,5,7249.4
2276,53.48231482,-113.36164640000001,5,8128.9
2277,53.42424821,-113.50900690000002,3,4261.3
2288,53.44164266,-113.45151740000001,5,2907.7
2297,53.47510099,-113.59106059999999,3,8621.4
2298,53.474439399999994,-113.59025190000001,3,8588
2306,53.42169819,-113.44600630000001,5,4636.6
2307,53.45833684,-113.46468590000002,5,3293.7
2308,53.47177328,-113.5822122,3,9010.5
2309,53.45101751,-113.6005338,3,6278.5
2310,53.46350824,-113.5230682,1,4136.1
2312,53.45192223,-113.5891175,3,5719.6
2314,53.48454129,-113.5777511,3,10287.3
2317,53.47211298,-113.5944233,3,8637.2
2324,53.46295301,-113.5607303,3,6547.7
2325,53.48581362,-113.57854170000002,3,9494
2326,53.48595967,-113.5772999,3,10006.9
2328,53.45346131,-113.57308770000002,3,5510.3
2331,53.46483496,-113.4367117,5,1975.8
2335,53.46901514,-113.44747290000001,5,2988.9
2339,53.44391005,-113.4070047,5,3570.9
2340,53.46530473,-113.56146729999999,3,6734.9
2341,53.51656641,-113.4527718,4,1084.7
2342,53.48323867,-113.58043970000001,3,9332.8
2343,53.48481358,-113.5796304,3,9512.4
2345,53.42703313,-113.5047811,3,4866.7
2346,53.42646119,-113.5086368,3,4352.9
2347,53.46162662,-113.56040209999999,3,6392.7
2348,53.46220311,-113.55879569999999,3,6465.6
2349,53.45684993,-113.56648349999999,3,5523.9
2356,53.47557117,-113.44839350000001,5,3928
2357,53.47711464,-113.45006609999999,5,4114.5
2358,53.47793197,-113.44569440000001,5,3728.4
2360,53.43957961,-113.5401801,3,6887.9
2361,53.50331082,-113.5661867,1,5689.3
2363,53.46367949,-113.5875267,3,8562.5
2364,53.45409074,-113.5937239,3,7871.2
2366,53.49819625,-113.5650572,3,11615.1
2367,53.49829956,-113.56574779999998,3,11585.9
2370,53.44282737,-113.54077790000001,3,7276
2371,53.44535819,-113.54001640000001,3,7553.4
2372,53.43984222,-113.53029550000001,3,6828.3
2373,53.52043525,-113.4947621,2,887
2374,53.45322074,-113.4373284,5,1777.2
2379,53.55466243,-113.4166271,0,1246.5
2380,53.55622078,-113.4142713,0,924.9
2382,53.44258142,-113.52755630000001,3,6187.9
2385,53.54486321,-113.4388203,0,4096.8
2386,53.5388941,-113.44365490000001,4,4325.4
2387,53.45130565,-113.5304818,1,4812.2
2390,53.53603562,-113.47804280000001,2,4170.6
2391,53.53403064,-113.479064,2,4358.8
2401,53.43222095,-113.52680459999999,3,3867.2
2402,53.43119445,-113.5237929,3,3918
2403,53.46109208,-113.5943024,3,7311
2406,53.48328608,-113.5624498,3,11628.1
2407,53.47416837,-113.6020612,3,8888.2
2408,53.45719948,-113.5169395,1,5775.1
2409,53.50761008,-113.4843723,4,2569.7
2409,53.50761008,-113.4843723,4,2569.7
2410,53.51560934,-113.4812774,4,1284.7
2411,53.52135918,-113.48932279999998,2,1940
2412,53.52130133,-113.49340179999999,2,1608.7
2414,53.468187199999996,-113.59682,3,8199.8
2424,53.44765282,-113.53785220000002,3,7285.5
2425,53.52087881,-113.4967304,2,733.7
2427,53.47205859,-113.58420659999999,3,9140.6
2428,53.46677893,-113.57135320000002,3,6729.5
2429,53.46816033,-113.56749690000001,3,7150.9
2430,53.52334735,-113.50153859999999,2,458.9
2432,53.47729926,-113.58256680000001,3,8656.6
2433,53.47831797,-113.58112369999999,3,9066.8
2434,53.50944549,-113.4993593,2,1944.6
2437,53.48363641,-113.5408534,1,1996.5
2438,53.45140442,-113.5886139,3,5776.9
2448,53.44899765,-113.44191599999999,5,2070.9
2449,53.48163656,-113.414401,5,5019.1
2450,53.4822858,-113.40790030000001,5,5527.8
2451,53.48366475,-113.4107578,5,5458
2452,53.45430812,-113.419284,5,2571.9
2456,53.41499637,-113.46545079999999,5,6416.3
2457,53.48675173,-113.57841090000002,3,9787.4
2458,53.43086647,-113.5104733,3,4613.6
2459,53.50201544,-113.46585479999999,4,3422.5
2460,53.50885546,-113.5016621,2,1882.4
2461,53.47421258,-113.3894636,5,6377.2
2462,53.47258659,-113.39449520000001,5,6054.3
2465,53.55109592,-113.445158,0,3190.5
2466,53.550571999999995,-113.446547,0,3240.4
2467,53.465259700000004,-113.3893251,5,5569.3
2468,53.47213553,-113.46262890000001,5,4599.3
2469,53.46979343,-113.467082,5,4460
2470,53.47328478,-113.3944414,5,6058.9
2471,53.48187979,-113.41362439999999,5,5071.3
2472,53.49282801,-113.5238408,1,3926.5
2473,53.4839836,-113.50290600000001,2,4443.7
2474,53.48622953,-113.50945540000001,1,4313.2
2475,53.51032729999999,-113.52490390000001,2,2956.1
2476,53.45769933,-113.57272749999998,3,6143.1
2477,53.55582658,-113.4039236,0,736.2
2478,53.47772887,-113.5337038,1,2371.5
2479,53.47846112,-113.5376293,1,1536.8
2481,53.51578395,-113.5376202,2,3234.1
2482,53.48002448,-113.4618142,5,5193.2
2483,53.49597467,-113.5722449,3,11592.5
2486,53.46711652,-113.50360409999999,1,5591.4
2487,53.48510629,-113.55498929999999,1,0
2491,53.45386326,-113.4090297,5,2576.7
2492,53.45955007,-113.40229070000001,5,3154.4
2494,53.46655639,-113.5144368,1,4911.5
2495,53.47760857,-113.5095938,1,3856.3
2496,53.48478352,-113.4991672,2,4849.9
2499,53.46599976,-113.4507729,5,3033.2
2501,53.48174907,-113.56506100000001,3,8780.7
2502,53.47479387,-113.5516172,1,2618.8
2503,53.47648911,-113.45327579999999,5,4152.7
2504,53.44572733,-113.56609070000002,3,4876.8
2505,53.44696747,-113.5660862,3,4379.8
2506,53.47749859,-113.5070716,1,3874.1
2509,53.42927262,-113.51480500000001,3,4270.1
2517,53.42392442,-113.5343163,3,3894.4
2518,53.42289898,-113.53304750000001,3,3414.9
2520,53.43094426,-113.5288545,3,3902.3
2521,53.43146835,-113.52966599999999,3,3489.2
2522,53.42826686,-113.46407430000001,5,5837.1
2523,53.42391208,-113.46692340000001,5,5710.6
2524,53.42373541,-113.46779,5,6188.1
2527,53.55024676,-113.41912549999999,0,1544.2
2530,53.43176569,-113.5302426,3,3487.3
2531,53.4319483,-113.5318355,3,3426.2
2532,53.42531941,-113.5047646,3,5057.3
2534,53.42615753,-113.5044248,3,4964.2
2537,53.48655979,-113.55215020000001,1,2736.5
2546,53.52968843,-113.42164,0,4025.9
2547,53.42369109,-113.44345320000001,5,4783.7
2548,53.42297683,-113.4434544,5,4696.5
2549,53.52883935,-113.41983490000001,0,4499.3
2550,53.52871346,-113.4223112,0,4341.4
2551,53.52415337,-113.42072009999998,4,4444.1
2552,53.52490134,-113.42157759999998,4,4353.8
2553,53.45083073,-113.4458447,5,2064.9
2559,53.47994832,-113.51549490000001,1,4646.2
2562,53.45941169,-113.41890579999999,5,2283.8
2563,53.533306700000004,-113.5356181,2,3143.8
2566,53.43110016,-113.5071706,3,4926
2567,53.48066572,-113.57292369999999,3,9341.3
2568,53.45833655,-113.53256840000002,1,4390.8
2569,53.45344329,-113.5175838,1,5591.5
2570,53.44784983,-113.50851200000001,5,6339.4
2571,53.42890291,-113.4976774,3,5722.1
2572,53.42905014,-113.5005662,3,5462.6
2575,53.47785338,-113.4616282,5,5140
2576,53.45717461,-113.4486804,5,2132.6
2577,53.45897563,-113.4631064,5,3060.2
2579,53.47741361,-113.57745800000001,3,9301.6
2580,53.47629227,-113.5972993,3,9517
2581,53.45876841,-113.45074199999999,5,2241.3
2582,53.47371089,-113.5644043,3,8339.5
2583,53.46113518,-113.55540570000001,3,6643
2584,53.46088366,-113.55883429999999,3,6703.7
2585,53.45609851,-113.5649587,3,5976.5
2586,53.45083258,-113.5666506,3,4884.6
2587,53.42249618,-113.47891170000001,3,6402
2596,53.46589914,-113.42966609999999,5,2382.7
2597,53.46598319,-113.4351038,5,3312.4
2598,53.46898911,-113.4427955,5,2924.4
2599,53.52890203,-113.4821231,2,1849.8
2601,53.46998118,-113.46565600000001,5,5099.4
2604,53.52840712,-113.51617590000001,2,4292.8
2607,53.49698175,-113.5859687,3,11104.1
2608,53.48776185,-113.5636818,3,11180.9
2610,53.53179874,-113.47972549999999,4,3472.3
2611,53.42291322,-113.4717312,5,6412.6
2622,53.42754366,-113.5075108,3,4618
2626,53.44063989,-113.4187295,5,5974.5
2631,53.44751444,-113.51242179999998,1,6404.6
2632,53.47026464,-113.4558261,5,3946.6
2634,53.43578847,-113.62670770000001,3,4547.2
2635,53.43809452,-113.626929,3,4908.7
2640,53.47847993,-113.38117790000001,5,6994.5
2642,53.5028667,-113.34852839999999,4,11357.6
2644,53.47272278,-113.3872758,5,6014.6
2645,53.47831237,-113.4657453,4,5833.8
2650,53.45308479,-113.5904715,3,6029.8
2662,53.46988154,-113.4269172,5,3127.2
2663,53.46168881,-113.59210630000001,3,7409.3
2683,53.45531632,-113.4657287,5,3623.6
2686,53.44592659,-113.5436499,3,7726
2687,53.47339753,-113.574114,3,7571.6
2698,53.52324627,-113.53525590000001,2,2313.5
2705,53.46433258,-113.41237959999998,5,3733.6
2711,53.45118170000001,-113.4484585,5,1800.4
2714,53.44298286,-113.5127254,3,6044.9
2715,53.44236602,-113.51253090000002,3,6100.2
2717,53.52378960000001,-113.50841499999999,2,378.3
2718,53.46203698,-113.50051380000001,1,5870.5
2724,53.50571845,-113.55016609999998,1,5557.2
2726,53.48066674,-113.5657028,3,8657.7
2731,53.46408987,-113.41913829999999,5,3514.5
2733,53.44796486,-113.508894,5,6342.7
2738,53.44587358,-113.4275826,5,2162.6
2742,53.47014473,-113.59503000000001,3,8636.4
2745,53.46702377,-113.59425139999999,3,7979.8
2753,53.50219799,-113.4796743,4,3613.2
2761,53.44946359,-113.41974669999999,5,2319.1
2762,53.52214433,-113.49341100000001,2,1469
2769,53.55514767,-113.41853,0,745.9
2779,53.46700039,-113.52825459999998,1,3452.7
2783,53.42004531,-113.53435420000001,3,3085.4
2797,53.54562052,-113.4191263,0,2023.2
2798,53.54443227,-113.4273885,0,2517.8
2803,53.46652412,-113.52649009999999,1,3578.3
2806,53.46002601,-113.59412659999998,3,7448.7
2807,53.46220687,-113.5919004,3,8081.9
2811,53.42419622,-113.4554338,5,4855.4
2812,53.52423438,-113.53598840000001,2,2432.3
2813,53.51978075,-113.50197040000002,2,540.4
2814,53.52240548,-113.51361299999999,2,1205.3
2820,53.41708265,-113.5081876,3,4890.4
2823,53.46227281,-113.53901540000001,1,3391.1
2824,53.48144791,-113.5497135,1,584.5
2825,53.46489994,-113.58667460000001,3,8490
2826,53.44666423,-113.5880112,3,5108.5
2827,53.460665500000005,-113.56398359999999,3,5958.2
2828,53.45323025,-113.59380829999999,3,5898.7
2835,53.42502398,-113.51981880000001,3,3453.8
2837,53.44803943,-113.5597389,3,5031.3
2842,53.47364825,-113.5249193,1,3031
2846,53.51414833,-113.4213001,0,5338.1
2847,53.47133699,-113.5957064,3,9869.9
2854,53.51359696,-113.50490729999999,2,1122.1
2859,53.49963223,-113.5060312,2,2831.7
2860,53.51080315,-113.4810636,4,1802.4
2870,53.44309506,-113.4053314,5,3720
2871,53.47280759,-113.50692,1,4017.2
2875,53.46002767,-113.557942,3,6233
2892,53.45516891,-113.4144723,5,2776
2897,53.54508906,-113.4291529,0,2587
2898,53.54669991,-113.4305195,0,2357
2899,53.5468906,-113.4283128,0,2165.8
2900,53.54251483,-113.4338293,0,3514.8
2904,53.45163922,-113.4149347,5,2468
2905,53.45914151,-113.391646,5,4267.9
2913,53.45914321,-113.4262274,5,1862.1
2914,53.45858925,-113.43950600000001,5,1495.3
2915,53.45856711,-113.4369712,5,1327.8
2916,53.45812119,-113.60008140000001,3,7848.7
2920,53.46388565,-113.5056304,1,5802.6
2921,53.45907884,-113.3992562,5,3398.2
2922,53.49143387,-113.5172225,2,4558.5
2928,53.50048202,-113.51237009999998,2,3246.5
2935,53.45861646,-113.4426731,5,1704.8
2937,53.4761517,-113.5656255,3,8136.9
2938,53.47878055,-113.56551340000001,3,8592
2941,53.45788112,-113.37918219999999,5,5172.8
2953,53.45468100000001,-113.5561072,3,6481.6
2954,53.45106918,-113.44989679999999,5,1953.1
2955,53.461923600000006,-113.465737,5,3502.5
2957,53.43597972,-113.6241597,3,4480
2966,53.47495989,-113.3835263,5,6250.5
2970,53.48289789999999,-113.4211068,5,4999.1
2971,53.45462328,-113.53911770000002,1,4676.4
2972,53.46336809,-113.5176874,1,4668.1
2973,53.51591628,-113.4046955,0,6829.8
2974,53.47093701,-113.404104,5,6227.6
2975,53.47167685,-113.40767959999998,5,6567.8
2976,53.46320224,-113.5858955,3,7584.4
2978,53.48440534,-113.5305618,1,2702.5
2985,53.49343282,-113.46709059999999,4,4150.6
2988,53.49858577,-113.51582659999998,2,3755.6
2990,53.44415821,-113.5401771,3,7397.9
2991,53.40868058,-113.502772,3,7123.4
2992,53.48911263,-113.52236429999999,1,3482.7
2996,53.49806329,-113.46749240000001,4,4577.4
2997,53.49160219,-113.56931680000001,3,10573.9
2998,53.49441798,-113.5738646,3,10624.5
3003,53.48413627,-113.558145,1,19.3
3007,53.46205005,-113.4981424,1,6028.2
3008,53.45443713,-113.5547446,3,6437.5
3009,53.43702428,-113.6231656,3,4674.7
3017,53.46925039999999,-113.3698736,5,7087.4
3025,53.48169349,-113.4117433,5,5203.3
3026,53.47320273,-113.4063568,5,6506.6
3041,53.48179332,-113.4036836,5,6280.8
3043,53.46526212,-113.44347090000001,5,3388.1
3044,53.47414851,-113.4419587,5,3385.9
3049,53.46476539,-113.58405490000001,3,7543.9
3070,53.512794299999996,-113.5022969,2,1222.1
3077,53.44033541,-113.5719223,3,3592.5
3081,53.5096331,-113.52598459999999,2,3329.6
3082,53.45314184,-113.42419509999999,5,1495.3
3083,53.41806901,-113.44325990000002,5,4922.7
3107,53.54291355,-113.4167825,0,2265.3
3108,53.54564077,-113.4082179,0,2519.8
3109,53.54680764,-113.4091794,0,2468.7
3110,53.48371715,-113.3796571,5,7633.2
3115,53.45860139,-113.4568305,5,2642.3
3116,53.46680758,-113.4463967,5,2760.2
3119,53.45249733,-113.4573378,5,2590.7
3120,53.55182718,-113.40701570000002,0,2001.7
3121,53.55432133,-113.4081388,0,1477.9
3122,53.44388492,-113.46470409999999,5,3592.2
3123,53.54648448,-113.41348130000002,0,2040.5
3127,53.44975358,-113.43577509999999,5,1143.6
3129,53.41721402,-113.5384327,3,3027.5
3130,53.46737894,-113.5853184,3,8417.7
3134,53.55237309,-113.415435,0,1260.8
3136,53.44970108,-113.5578229,3,5240.7
3163,53.46602360000001,-113.4753085,5,5190.9
3170,53.46715504,-113.43909029999999,5,2938.9
3171,53.45178636,-113.5598563,3,5252.4
3182,53.52930644,-113.424802,0,3962.7
3183,53.4546497,-113.4039146,5,3397.8
3191,53.4856364,-113.56926270000001,3,11428.3
3195,53.44124686,-113.4940061,5,7030.5
3196,53.45344629,-113.4413081,5,1141.9
3202,53.42043577,-113.4567506,5,5437.6
3242,53.44360437,-113.55673359999999,3,4687.1
3245,53.471937100000005,-113.4023761,5,6112.3
3249,53.44793404,-113.516024,1,6126.2
3254,53.52817987,-113.44650729999998,4,2861.5
3255,53.52735997,-113.44543590000002,4,2842
3266,53.44015004,-113.50711240000001,5,7258.4
3267,53.50398302,-113.51786200000001,2,3043.9
3276,53.45966866,-113.42055230000001,5,2713.8
3287,53.44112172,-113.4182118,5,3209
3294,53.44561129,-113.42852830000001,5,2056.2
3313,53.42007251,-113.46397240000002,5,5706.1
3315,53.52848934,-113.4609639,4,2314.2
3333,53.49120185,-113.44263390000002,4,4487
3334,53.5273496,-113.4609268,4,2158.3
3335,53.52774413,-113.4636175,4,2197.9
3339,53.46973826,-113.51705659999999,1,4633.9
3342,53.45024398,-113.5121273,1,6056.2
3343,53.5132627,-113.52350630000001,2,2661
3344,53.50972814,-113.53144280000001,2,3315.5
3350,53.44303232,-113.51769469999999,1,6684.6
3359,53.49844720000001,-113.4671808,4,3592.9
3360,53.515786600000006,-113.4302362,4,2932.4
3361,53.46667044,-113.52163190000002,1,4231.2
3367,53.41250189,-113.5227313,3,5228
3368,53.428254700000004,-113.4648048,5,5722.2
3370,53.46521178,-113.5254291,1,3815.4
3371,53.46406003,-113.5171216,1,5173.6
3372,53.46515908,-113.5183826,1,4616.5
3377,53.44155176,-113.40520890000002,5,3811.3
3378,53.45546943,-113.5804006,3,6407
3379,53.4683309,-113.3830189,5,5814.9
3384,53.510076399999996,-113.41838159999999,0,5801.2
3390,53.48819326,-113.5791453,3,9878.1
3393,53.53302012,-113.45369540000002,4,2877.5
3394,53.53090151,-113.45578229999998,4,2713.7
3395,53.5290003,-113.45469170000001,4,2442
3396,53.5259993,-113.45496599999998,4,2096.3
3397,53.45873607,-113.5544892,3,6368.3
3398,53.45884144,-113.5629213,3,5890.5
3399,53.44216099,-113.43850060000001,5,2303.5
3400,53.44818909,-113.4285355,5,1599.7
3402,53.45767318,-113.4449076,5,1941.1
3403,53.48784314,-113.40575859999998,5,6580.5
3405,53.42597579999999,-113.4733898,5,5794.3
3406,53.47013573,-113.5747348,3,7640.4
3408,53.44316947,-113.51661090000002,3,5752.1
3411,53.52784101,-113.4509571,4,2858
3416,53.44906998,-113.43540279999999,5,1184.6
3418,53.43916688,-113.51152179999998,3,5739.6
3432,53.48054226,-113.417776,5,4936.6
3433,53.44122345,-113.5684642,3,3936.1
3434,53.42943466,-113.45815590000001,5,5330.6
3441,53.46692751,-113.594652,3,7976.7
3444,53.45057907,-113.57160990000001,3,5209.8
3447,53.462275600000005,-113.4581518,5,3685.2
3449,53.51232586,-113.42347099999999,0,5838.6
3450,53.45401322,-113.6026695,3,6493
3451,53.44290359,-113.587172,3,4538.4
3455,53.46615353,-113.407974,5,3613.5
3459,53.44318223,-113.5700918,3,4600
3460,53.43956751,-113.51720990000001,3,5365.9
3461,53.44509484,-113.52319229999999,3,6132
3468,53.44972772,-113.5037655,5,5523
3472,53.44073551,-113.44013229999999,5,2163.1
3477,53.44635723,-113.43869709999998,5,1654.2
3479,53.52798225,-113.5385165,2,2945.4
3485,53.43903601,-113.6217915,3,5047.4
3487,53.52895628,-113.45197240000002,4,2492
3489,53.4179356,-113.44711770000002,5,4955.1
3492,53.45401563,-113.3968153,5,3229.2
3499,53.49231021,-113.57546119999999,3,10346.7
3503,53.45317145,-113.4780852,5,3953.6
3504,53.52502939,-113.44762040000002,4,2503.8
3506,53.52740586,-113.43628020000001,4,3540
3514,53.47368916,-113.60168700000001,3,9556.5
3515,53.46870425,-113.6020197,3,9018.9
3517,53.46363994,-113.40018090000001,5,3988.9
3526,53.45238007,-113.4092015,5,2742.7
3527,53.45432673,-113.50318190000002,5,5681.2
3532,53.444243900000004,-113.41940919999999,5,2811.6
3540,53.47417407,-113.5851729,3,9198.6
3542,53.46988496,-113.438231,5,2480.9
3544,53.44893029,-113.5850845,3,5103.3
3545,53.46205326,-113.5278072,1,4505.3
3549,53.44320135,-113.57225659999999,3,4655.9
3552,53.44867113,-113.5741307,3,5158.1
3554,53.45203938,-113.47296440000001,5,3288.2
3559,53.47481221,-113.4007496,5,6084.6
3560,53.47425949,-113.54067930000001,1,2110.8
3561,53.53510922,-113.4516118,4,3209.3
3566,53.42761041,-113.51666110000001,3,3932.6
3568,53.53059425,-113.53925590000001,2,3242.1
3570,53.46179182,-113.5376613,1,3421.5
3579,53.43852136,-113.5689186,3,3416.8
3588,53.48802856,-113.47897959999999,4,5160
3596,53.47761346,-113.4671558,5,5330
3604,53.42891973,-113.4559753,5,5395.4
3605,53.43081677,-113.45818270000001,5,5939.9
3611,53.53949827,-113.4305311,0,3259.3
3618,53.53239598,-113.4645996,4,3153.7
3635,53.47641988,-113.4156548,5,4188.9
3636,53.47821016,-113.4162094,5,5429.2
3637,53.46669734,-113.57861580000001,3,7320.8
3640,53.46996437,-113.4130383,5,3615.1
3641,53.46969607,-113.41513570000001,5,3810.8
3646,53.46235135,-113.4255351,5,2190
3647,53.45759036,-113.4246402,5,1961.9
3653,53.47276949,-113.39571140000001,5,5650.4
3660,53.51274755,-113.4943072,2,1762.8
3661,53.47609582,-113.4074291,5,5961
3662,53.52694479,-113.4446476,4,2861.7
3665,53.44588015,-113.4376054,5,3151.4
3666,53.43105561,-113.4669521,5,5874.1
3667,53.42618572,-113.466953,5,5816.3
3673,53.48573777,-113.4314986,5,5303.6
3674,53.47511957,-113.41474140000001,5,4171.3
3685,53.40804985,-113.5015587,3,7111.1
3687,53.46555259,-113.4282364,5,2478.8
3692,53.49557322,-113.4675715,4,4300.6
3693,53.44525572,-113.4146298,5,2980.1
3701,53.4471878,-113.5712679,3,5229
3702,53.46308999,-113.40699740000002,5,3669.1
3705,53.42400853,-113.4711774,5,6377.3
3706,53.424915000000006,-113.4765264,5,6092.5
3707,53.42474573,-113.45970290000001,5,5067.2
3710,53.42628752,-113.4509929,5,4641.5
3725,53.49378457,-113.51622490000001,2,4096.9
3730,53.47264669,-113.39931340000001,5,5891.3
3734,53.46972731,-113.41288610000001,5,3629.2
3745,53.44546887,-113.49335409999999,5,6684.6
3748,53.43580612,-113.6224,3,4590.6
3749,53.43603945,-113.6202294,3,4754.7
3750,53.43309399,-113.6120752,3,3645.8
3751,53.45563871,-113.396725,5,3651.1
3754,53.45718006,-113.55311770000002,3,6238.2
3767,53.537579,-113.4201912,0,3521.2
3769,53.41626438,-113.47700790000002,5,7085.8
3770,53.45832421,-113.55855729999999,3,6244.9
3780,53.47769273,-113.44120819999999,5,3389.8
3786,53.42155508,-113.52632340000002,3,3364.1
3787,53.41654007,-113.53091699999999,3,3561.3
3788,53.41508282,-113.5286705,3,3744.6
3791,53.49547578,-113.5411537,1,3387.1
3800,53.41708962,-113.46698390000002,5,6181.3
3802,53.49270487,-113.5802592,3,10846
3806,53.40534195,-113.5248676,3,5812.3
3819,53.47674502,-113.375906,5,6869.1
3820,53.47633057,-113.3704977,5,7681.9
3821,53.4502047,-113.5086486,5,6075.8
3829,53.44864509,-113.40542579999999,5,3274
3831,53.44546887,-113.49335409999999,5,6684.6
3832,53.53682393,-113.4549801,4,3191.4
3833,53.48251657,-113.510415,1,4940.5
3834,53.48084019,-113.497346,2,5092.9
3837,53.43665824,-113.5720346,3,3052.9
3840,53.55040782,-113.455374,0,3768.9
3846,53.47997797,-113.4441735,5,3928.5
3847,53.47437214,-113.44290919999999,5,3890.5
3850,53.44785208,-113.58264309999998,3,4784.5
3852,53.50452452,-113.4780294,4,2294.7
3856,53.41940321,-113.540502,3,2716
3857,53.45868831,-113.5819213,3,6651.8
3859,53.47277571,-113.4270251,5,3844.6
3862,53.456467700000005,-113.4116522,5,2946.6
3863,53.45818391,-113.3842628,5,4379.6
3864,53.44307737,-113.5081567,5,6831.5
3881,53.41153854,-113.521428,3,5408.8
3883,53.46287218,-113.43488459999999,5,1670.1
3884,53.46659429,-113.57476880000002,3,6762.6
3896,53.47179703,-113.4023038,5,6119.3
3897,53.4739436,-113.38115230000001,5,6296.4
3907,53.46893081,-113.3939601,5,5075.9
3917,53.46009893,-113.4071101,5,3318.1
3918,53.52150487,-113.5009388,2,474.2
3921,53.47947008,-113.44126740000002,5,4139.6
3922,53.47631182,-113.43575359999998,5,3831.9
3923,53.47617955,-113.44026550000001,5,4046.9
3924,53.42765085,-113.5180953,3,4411.3
3942,53.46441683,-113.5707061,3,6394.9
3950,53.44662844,-113.44504450000001,5,2268.7
3951,53.4802683,-113.39396140000001,5,6337.5
3955,53.46962439,-113.38126090000002,5,5884.5
3956,53.54587179,-113.44170009999999,0,4393.9
3957,53.53913614,-113.44301940000001,0,4238.9
3958,53.53927859,-113.4508733,4,4014.4
3959,53.53249873,-113.41838249999999,0,3265
3973,53.42951061,-113.5308588,3,3469
3974,53.50154929,-113.3675824,4,9922.4
3977,53.4731319,-113.41602649999999,5,3760.8
3990,53.46466558,-113.4133456,5,3257.2
3991,53.46820175,-113.399518,5,5376.6
3996,53.47100097,-113.4468918,5,3892.2
3999,53.51417362,-113.45671899999999,4,1071.7
4010,53.52534617,-113.4499205,4,2448.1
4011,53.53125177,-113.4270686,0,4058.9
4012,53.53011833,-113.42009850000001,0,4083.5
4013,53.42720319,-113.44789899999999,5,3963
4014,53.52499106,-113.4574639,4,1889.1
4024,53.46456719,-113.3941952,5,4590.7
4033,53.47263235,-113.42771129999998,5,3865.6
4034,53.47302522,-113.4155722,5,3745.7
4035,53.51411138,-113.4595635,4,732.6
4039,53.46305567,-113.42110349999999,5,2549.7
4042,53.48437702,-113.4611748,4,5123
4043,53.53148454,-113.4508368,4,2744.2
4045,53.44749477,-113.4080485,5,3631.8
4047,53.46146120000001,-113.45574199999999,5,2826.4
4048,53.44873644,-113.4006682,5,4338.9
4054,53.51938404,-113.4970781,2,1186
4055,53.51979968,-113.49703559999999,2,860.3
4067,53.42083735,-113.45816,5,6059.8
4069,53.42876143,-113.534152,3,3066.6
4075,53.52949572,-113.4189642,0,4228
4081,53.45243671,-113.45410109999999,5,1999.4
4082,53.44377569,-113.41872859999998,5,2912.4
4087,53.48984947,-113.46703159999998,4,4549.2
4088,53.45222341,-113.50116499999999,5,5362.6
4091,53.55324426,-113.4206097,0,1081.3
4098,53.48345561,-113.40774609999998,5,5543.2
4116,53.41808665,-113.5030939,3,5087.9
4118,53.48073488,-113.40984850000001,5,5400.9
4119,53.42041418,-113.44370690000001,5,4486.5
4120,53.46764427,-113.4186163,5,3090.7
4122,53.47978351,-113.38476979999999,5,6960.2
4123,53.5227385,-113.4689726,4,1023.7
4124,53.52360512,-113.4545367,4,2105.6
4125,53.52260208,-113.4461716,4,2368.4
4126,53.52239547,-113.44813559999999,4,2115.2
4127,53.52033114,-113.4468263,4,2026.6
4140,53.47224593,-113.5792197,3,8985.5
4146,53.44545627,-113.52353659999999,3,6140
4148,53.44387551,-113.4998194,5,6598.8
4149,53.42102786,-113.51688600000001,3,3947.2
4151,53.44370508,-113.5042992,5,7148.7
4157,53.45573299,-113.4345074,5,874.3
4162,53.47922173,-113.3770148,5,7103.3
4165,53.47135276,-113.37876909999999,5,6725.8
4170,53.48827764,-113.4830461,4,4890
4177,53.47576909,-113.4545088,5,4123.8
4179,53.53580303,-113.4249695,0,3393.5
4186,53.48343111,-113.40725790000002,5,6259.6
4190,53.54654082,-113.4579086,0,4075.3
4194,53.46573497,-113.3847335,5,5754.3
4198,53.53804707,-113.44705859999999,4,3880.7
4199,53.44586932,-113.4440476,5,2064
4203,53.44646359,-113.5586639,3,4761.4
4204,53.46524425,-113.42821459999999,5,2566.8
4211,53.47283181,-113.4326882,5,3125.2
4213,53.54684095,-113.43666509999998,0,2606.4
4221,53.46307087,-113.4353435,5,1699.5
4222,53.46721136,-113.5770956,3,6933.1
4254,53.45382971,-113.52493899999999,1,6055.7
4255,53.52390136,-113.45679809999999,4,1786.9
4256,53.52365568,-113.4570992,4,1595.8
4259,53.47452958,-113.4056587,5,6146.7
4260,53.459893900000004,-113.40752009999999,5,3335.5
4261,53.55571284,-113.42354340000001,0,992.7
4262,53.52051234,-113.4190959,4,4596.5
4267,53.46154834,-113.4005705,5,3989.5
4276,53.45456327,-113.52509140000001,1,4922.2
4278,53.47206006,-113.47967309999999,5,5413.8
4279,53.4160749,-113.5408128,3,3033.8
4280,53.45479514,-113.57724590000001,3,6150.6
4281,53.45809743,-113.5765163,3,6398
4282,53.51772153,-113.47095459999998,4,343.9
4288,53.54958854,-113.43978419999999,0,3041.1
4294,53.46097016,-113.41415690000001,5,2632
4297,53.42979989999999,-113.53685049999999,3,3072.4
4304,53.47717103,-113.552654,1,2872.9
4308,53.51979663,-113.4305139,4,3216.2
4311,53.44322639999999,-113.55388310000001,3,5059.8
4315,53.45927223,-113.59277809999999,3,7088.1
4321,53.44502892,-113.5552382,3,4935.6
4322,53.46294353,-113.43875700000001,5,1931.8
4325,53.43907555,-113.62375929999999,3,4683.2
4328,53.45529188,-113.4558291,5,2415.2
4330,53.43232913,-113.6038227,3,3468.5
4331,53.42781177,-113.44932,5,4710.3
4341,53.47838217,-113.4062629,5,5994
4343,53.4815964,-113.36576559999999,5,8965.8
4344,53.45868909,-113.39412150000001,5,3936.9
4346,53.43989648,-113.5165899,3,6276.8
4357,53.46160218,-113.5773678,3,7203.6
4362,53.47265947,-113.4182492,5,4293.1
4365,53.46504899,-113.45928980000001,5,3876.6
4366,53.46348934,-113.4506085,5,2655.2
4373,53.45946565,-113.5874025,3,6893.9
4374,53.55668627,-113.4300926,0,1357
4375,53.50272654,-113.4859926,4,3096.7
4376,53.54609059,-113.4590477,4,4141.1
4377,53.43953299,-113.56842209999999,3,4076.6
4380,53.419573899999996,-113.5143997,3,4246.7
4384,53.43000662,-113.60905359999998,3,3172.6
4385,53.44647404,-113.6147321,3,5264.9
4388,53.46002481,-113.45009579999999,5,2756.5
4389,53.42422684,-113.51633829999999,3,3781
4390,53.44828573,-113.56453090000001,3,5145.2
4391,53.45141465,-113.56252009999999,3,5110.3
4393,53.44492263,-113.60680049999999,3,5491.8
4394,53.52195602,-113.4432593,4,2381.8
4395,53.41799558,-113.5193239,3,4107.2
4396,53.52476798,-113.41860679999999,0,4148.4
4397,53.43856592,-113.56096509999999,3,3853.2
4398,53.50519941,-113.36516409999999,4,9811.4
4411,53.4474203,-113.401979,5,4295.8
4415,53.45963731,-113.38172140000002,5,5356.9
4423,53.44656424,-113.4479371,5,2357.5
4427,53.46125892,-113.4432301,5,2332.2
4428,53.45748528,-113.4011287,5,3218.6
4435,53.42516898,-113.64054340000001,3,4994
4437,53.54439071,-113.44275490000001,0,4331.7
4438,53.47413679,-113.36740459999999,5,7648
4439,53.5179328,-113.4379913,4,2272.2
4443,53.45879988,-113.475642,5,3890.4
4450,53.51408458,-113.43241450000001,4,2976.7
4451,53.4549988,-113.57943130000001,3,6492.7
4452,53.51956079,-113.4183455,0,4704.7
4456,53.54312455,-113.4515283,4,4155.8
4462,53.46158341,-113.50560060000001,1,5552.6
4469,53.45822742,-113.5767361,3,6299.7
4471,53.46908585,-113.36064429999999,5,7806.7
4479,53.45126348,-113.4798138,5,3838.2
4482,53.44998974,-113.41932369999999,5,3162.7
4483,53.46759607,-113.41811329999999,5,3758.9
4484,53.45991271,-113.4365959,5,1888.7
4485,53.46980168,-113.4376774,5,3378.4
4486,53.4675571,-113.43625390000001,5,2954.6
4489,53.53766041,-113.43895230000001,0,3784.4
4490,53.49471468,-113.42821979999998,4,5358.3
4493,53.51483706,-113.4433172,4,2467.2
4497,53.4319747,-113.43860049999999,5,3623.2
4500,53.47245777,-113.36683529999999,5,7222
4517,53.40280072,-113.51809140000002,3,5927
4518,53.433130500000004,-113.59464750000001,3,2617.5
4520,53.44393929999999,-113.61015630000001,3,5594.8
4521,53.51548244,-113.4701389,4,388
4522,53.53949524,-113.435579,0,3883.1
4523,53.46398378,-113.3861565,5,5872.4
4527,53.41378883,-113.4466585,5,5465.1
4528,53.44023714,-113.5837237,3,4290.5
4529,53.42624096,-113.4829633,3,5914.8
4530,53.43951349,-113.58745,3,4589.7
4531,53.429125,-113.44044009999999,5,3692.2
4532,53.46712332,-113.39234920000001,5,5044.9
4533,53.47641410000001,-113.3685041,5,7835.8
4534,53.461967,-113.37311070000001,5,6015.1
4535,53.461983999999994,-113.38808590000002,5,5003
4536,53.46087204,-113.39014009999998,5,4506.5
4538,53.47530033,-113.427371,5,4150.4
4539,53.465244999999996,-113.37853159999999,5,5802.8
4540,53.46289366,-113.3914545,5,4661.6
4542,53.43886273,-113.56125990000001,3,3766.5
4543,53.42636695,-113.4405375,5,4089.4
4544,53.41653559,-113.44743570000001,5,5576.3
4545,53.47373454,-113.45869509999999,5,4225.5
4546,53.51227905,-113.4115501,0,5914.2
4547,53.52192105,-113.4428855,4,2664.2
4550,53.51408458,-113.43241450000001,4,2976.7
4554,53.42793174,-113.44279590000001,5,3736.5
4556,53.54598543,-113.4250088,0,2363.1
4557,53.5410779,-113.422009,0,2738.6
4558,53.48167949,-113.529867,1,2924
4561,53.54149596,-113.4076764,0,2996.1
4562,53.55184294,-113.4089197,0,1903.4
4572,53.44613593,-113.45762490000001,5,3196.4
4573,53.41767320000001,-113.46288600000001,5,6152.4
4574,53.46510533,-113.37180190000001,5,6102.7
4576,53.53142729,-113.43727890000001,4,3885.5
4578,53.54130736,-113.4338686,0,3394.5
4579,53.41302714,-113.46657140000002,5,6846.9
4581,53.41291999,-113.47750090000001,5,7468.3
4583,53.53704906,-113.42937979999999,0,3644.4
4584,53.46076594,-113.39356299999999,5,4785.4
4586,53.54272791,-113.432695,0,3798.8
4587,53.54445082,-113.4356632,0,3835.5
4588,53.54615524,-113.44032299999999,0,4330.4
4590,53.4298755,-113.60430159999999,3,3418.9
4596,53.4577281,-113.501628,5,5724.9
4597,53.45775575,-113.5015334,5,5722.8
4600,53.44535684,-113.62235430000001,3,6081.4
4601,53.52224743,-113.4420834,4,2658
4603,53.52220826,-113.4305105,4,3238.8
4604,53.54981941,-113.4141054,0,1661.4
4606,53.4209873,-113.53888400000001,3,3055.9
4609,53.5307297,-113.46209609999998,4,2800.5
4613,53.44442698,-113.55815220000001,3,4816.6
4616,53.53934181,-113.4556598,4,3759.4
4622,53.54260113,-113.4240793,0,2598.8
4623,53.54797208,-113.42996529999999,0,2217.2
4624,53.54094235,-113.40867800000001,0,2952.3
4625,53.54312581,-113.44646999999999,0,3717
4626,53.54712329,-113.44379359999999,0,3182.4
4627,53.41148706,-113.48955729999999,3,7065.1
4630,53.45839076,-113.5047456,5,5841.5
4631,53.5419373,-113.4123643,0,2592.1
4635,53.47162124,-113.5385166,1,2286.4
4636,53.49657781,-113.4349257,4,4920.9
4642,53.51287527,-113.4859507,4,1967.6
4643,53.54981994,-113.4396051,0,3043.8
4644,53.428921100000004,-113.4718033,5,5432.6
4650,53.45546733,-113.41442990000002,5,2041.5
4651,53.55304255,-113.4392846,0,3367.6
4652,53.51742877,-113.4378236,4,2473.4
4653,53.53692936,-113.4706388,4,4230.2
4655,53.53852272,-113.47127169999999,4,4155.5
4660,53.55120723,-113.42325670000001,0,1502.2
4662,53.52273839,-113.45926770000001,4,1466.5
4663,53.53129527,-113.47124769999999,4,2900
4668,53.44298834,-113.6089682,3,5490.9
4673,53.42680060000001,-113.43239740000001,5,4424.6
4674,53.42917856,-113.43155719999999,5,3982.1
4675,53.42051191,-113.44827859999998,5,4877.4
4676,53.54972528,-113.40807340000002,0,1941
4679,53.44011896,-113.56276940000001,3,4043.2
4681,53.49329794,-113.4566562,4,3777.9
4682,53.46152714,-113.37581570000002,5,5478.1
4683,53.46152891,-113.3794979,5,5451.1
4684,53.53412676,-113.43930859999999,4,4380.3
4685,53.42394909,-113.44924920000001,5,4373
4686,53.43317481,-113.61787920000002,3,3945.6
4688,53.4880411,-113.41212709999999,5,6158.9
4689,53.41468495,-113.4813885,5,7172.3
4696,53.42930261,-113.4358491,5,3857.5
4708,53.42376245,-113.4408112,5,4298.2
4709,53.42802726,-113.4296006,5,4878.2
4712,53.43851435,-113.5777957,3,3252.9
4719,53.4461661,-113.6121886,3,5328.4
4720,53.47508422,-113.5914466,3,8740.6
4723,53.41585222,-113.4470071,5,5566.4
4724,53.41378521,-113.44731759999999,5,5509
4725,53.41780384,-113.451045,5,5056.2
4730,53.4144707,-113.44468130000001,5,5230.1
4735,53.4395093,-113.55878700000001,3,4352.7
4736,53.43989999,-113.55985600000001,3,4290.7
4754,53.45423656,-113.5605874,3,5803.8
4755,53.45499923,-113.57738400000001,3,6154.9
4765,53.41023802,-113.52214,3,5599.2
4767,53.49034044,-113.4155408,5,5790.1
4841,53.42429129999999,-113.4526007,5,5173.4
4861,53.413383700000004,-113.4469886,5,5487.2
5063,53.43927834,-113.55580259999998,3,4218.5
5081,53.41047813,-113.5270023,3,5618.7
5083,53.44279028,-113.5581513,3,4611.2
5101,53.417567000000005,-113.52599620000001,3,4427.8
5121,53.44747677,-113.5645283,3,5145.1
5122,53.447072,-113.5615128,3,5084.6
5321,53.40736169,-113.47418459999999,5,7925.7
5322,53.41026169,-113.4784126,5,7897.4
5323,53.40983397,-113.4709706,5,7403.9
5341,53.47848138,-113.36515,5,7817.5
5361,53.43854649,-113.56553390000002,3,3643.8
5381,53.42335513,-113.52582520000001,3,3444
5421,53.43318833,-113.626451,3,4561.6
5422,53.43327992,-113.62464070000001,3,4476.9
5441,53.43443991,-113.62459040000002,3,4331.7
5541,53.44087713,-113.59197959999999,3,4375.7
5544,53.43681285,-113.5782311,3,2982.2
5545,53.43914772,-113.5855744,3,4376.8
5565,53.46643817,-113.37515249999998,5,6410.2
5585,53.42680219,-113.4341983,5,4300.4
5586,53.42549019,-113.6122101,3,3006.2
5587,53.42534985,-113.43085970000001,5,4751
5588,53.42823317,-113.43783710000001,5,4027.5
5589,53.42871834,-113.43451999999999,5,4100
5605,53.46481986,-113.37492590000001,5,5811.9
5606,53.42705076,-113.43641399999998,5,4108.9
5628,53.42419737,-113.43072009999999,5,4954.9
5645,53.42439273,-113.4358805,5,4409.2
5646,53.42029789,-113.44205330000001,5,4690.9
5647,53.417604000000004,-113.43935990000001,5,5609.3
5665,53.42176383,-113.43276100000001,5,4909.6
5685,53.42045947,-113.4406084,5,4572.4
5705,53.42043288,-113.43458840000001,5,4894.4
5725,53.45410051,-113.38527820000002,5,3994
5786,53.42422611,-113.6164378,3,3565
5805,53.52704208,-113.43040220000002,4,3831
5806,53.42870564,-113.61656440000002,3,3364.5
5808,53.48844942,-113.4001467,5,6951.4
5825,53.41760179999999,-113.4584271,5,5798.6
5845,53.41759985,-113.442479,5,4748.5
6026,53.45361451,-113.595946,3,6104.2
6046,53.4361412,-113.56200459999998,3,3725.4
6066,53.43555437,-113.5624631,3,3800.2
6069,53.43742198,-113.5583281,3,4097.5
6070,53.43787924,-113.5556129,3,4314.8
6106,53.42672773,-113.5862486,3,1069.5
6146,53.40833264,-113.4741544,5,7851
6166,53.42754302,-113.571128,3,338.1
6167,53.42621144,-113.5736491,3,393.2
6186,53.420694499999996,-113.44831140000001,5,4877.4
6237,53.45623448,-113.38631720000001,5,4160.1
6246,53.41550875,-113.45957649999998,5,5884.2
6250,53.41169516,-113.4724155,5,7685
6286,53.45051879,-113.3818104,5,4666.4
6306,53.49648373,-113.3974274,4,7279.6
6331,53.43017149,-113.42962460000001,5,4187.2
6332,53.43162314,-113.42444920000001,5,4795.9
6333,53.43198103,-113.42736969999999,5,4440.7
6390,53.449380000000005,-113.392729,5,4616
6391,53.45016563,-113.3893259,5,4624.1
6392,53.45225746,-113.39138590000002,5,4659.1
6410,53.44948785,-113.3867636,5,4480.3
6430,53.4437034,-113.392917,5,4694.8
6431,53.44585948,-113.39312959999998,5,5014
6432,53.4458578,-113.39238629999998,5,5013.6
6434,53.46620366,-113.37150559999999,5,6803.7
6510,53.42626992,-113.57562050000001,3,355
6576,53.40405701,-113.52098970000002,3,5686.9
6578,53.40481027,-113.51514340000001,3,6114.6
6594,53.42882102,-113.4111716,5,5222.4
6618,53.41115653,-113.5402221,3,3605.8
6659,53.40811424,-113.52600659999999,3,4849.9
6684,53.44585855,-113.6114983,3,5311.9
6702,53.44422906,-113.613227,3,4994
6704,53.44108788,-113.61692790000001,3,4546.4
6722,53.44099759,-113.61332220000001,3,4913.1
6827,53.41464618,-113.4624041,5,6585.8
6848,53.41783449,-113.4492125,5,5008.6
6887,53.40387563,-113.57031,3,3181.7
6888,53.39932732,-113.5724248,3,4100.1
6967,53.44970489,-113.55192759999998,3,5684.5
7047,53.43026811,-113.6181138,3,4035.1
7048,53.44557411,-113.57603059999998,3,4511.1
7067,53.41307261,-113.534421,3,3751
7107,53.45701851,-113.3842913,5,4383.3
7127,53.4452297,-113.38817720000002,5,4790.8
7128,53.41184098,-113.4763135,5,7727.2
7129,53.44797795,-113.3930811,5,4161.7
7130,53.44777249,-113.39207590000001,5,4228.2
7149,53.469401600000005,-113.3685037,5,7452.3
7169,53.47213428,-113.3678018,5,7522.5
7189,53.4039632,-113.5236226,3,5444.7
7209,53.41874438,-113.4304088,5,5488.2
7211,53.42286406,-113.430003,5,5134.8
7229,53.41603776,-113.51449309999998,3,4827.1
7249,53.40581953,-113.52028899999999,3,5808.8
7250,53.40691532,-113.51933190000001,3,5965.5
7269,53.4062438,-113.57074270000001,3,3076.9
7289,53.402665299999995,-113.5696752,3,3295.3
7291,53.39970149,-113.5744992,3,3950.4
7292,53.40198967,-113.5756783,3,3604.8
7409,53.43527717,-113.56995690000001,3,3148.9
7430,53.44484975,-113.39000300000001,5,4760.8
7469,53.41509559,-113.5370493,3,3478
7569,53.42584743,-113.4918388,3,5311.1
7649,53.48884512,-113.5305284,1,2787.9
7913,53.39985703,-113.51604640000002,3,6696.8
7914,53.40284942,-113.51308970000001,3,6387.3
7933,53.40393783,-113.5163583,3,6290.8
7953,53.40961566,-113.57252759999999,3,3255.3
8013,53.41524143,-113.56445659999999,3,1862.3
8014,53.41537069,-113.56140359999999,3,1794.7
8015,53.414879299999996,-113.55980290000001,3,2139.3
8063,53.4241814,-113.61943159999998,3,3763.3
8079,53.39984973,-113.5318315,3,5641.1
8080,53.3996218,-113.53081359999999,3,6747
8081,53.399586600000006,-113.5268493,3,5549.4
8082,53.43316884,-113.6271649,3,4561.6
8083,53.43569979,-113.6296236,3,4765.8
8084,53.43264387,-113.62753149999999,3,4898.4
8099,53.40340524,-113.5331111,3,4787.3
8100,53.40491663,-113.5376919,3,4427.9
8101,53.40516282,-113.5323777,3,4837.1
8102,53.45491316,-113.55261270000001,3,6481.2
8103,53.42532891,-113.42982169999999,5,4677.2
8104,53.43205355,-113.41875549999999,5,5136.5
8144,53.43257757,-113.5680072,3,3434.9
8182,53.41548046,-113.4589945,5,5779.7
8188,53.40236044,-113.52859850000002,3,5183.2
8189,53.40162981,-113.5285946,3,5260.4
8191,53.40271957,-113.5243551,3,5596.1
8192,53.39986171,-113.52959779999999,3,5523
8202,53.42454448,-113.59289040000002,3,1953.2
8203,53.42332342,-113.5930098,3,2025.4
8243,53.42318355,-113.5967084,3,1862.4
8264,53.4262753,-113.4996507,3,4902.3
8282,53.42898073,-113.62211210000001,3,3955.7
8285,53.40562938,-113.56587990000001,3,3577.3
8286,53.40498016,-113.570222,3,3296.6
8287,53.44606634,-113.38580420000001,5,4916.2
8288,53.40926401,-113.4674925,5,7699
8302,53.41694093,-113.4410463,5,5497.7
8362,53.42610124,-113.48794769999999,3,6003.2
8382,53.45902955,-113.3636584,5,5939
8422,53.44134204,-113.38869840000002,5,5292.1
8442,53.40568068,-113.47285490000002,5,8042
8443,53.40568068,-113.47285490000002,5,8042
8462,53.42700748,-113.5324108,3,3337.8
8463,53.42535221,-113.52984709999998,3,3030.4
8465,53.41781511,-113.4261176,5,5877.6
8466,53.44601712,-113.61879909999999,3,5543.1
8482,53.44428829,-113.61591299999999,3,5366.1
8483,53.44247351,-113.61530619999999,3,5281.7
8503,53.42197287,-113.425474,5,5703.5
8504,53.40977710000001,-113.4747555,5,7690.1
8645,53.44587489,-113.4974082,5,6322.1
8648,53.44567646,-113.5040594,5,6224
8685,53.42977565,-113.60010759999999,3,2428.5
9067,53.43030038,-113.6229192,3,3841.2
9068,53.43035562,-113.62269479999999,3,3839.3
9070,53.43030057,-113.6194223,3,4035.1
9071,53.43158761,-113.61754579999999,3,3953.7
9072,53.4300738,-113.6161871,3,3648.4
9073,53.43093394,-113.62119399999999,3,3940
9126,53.40001977,-113.5283453,3,5521.6
9146,53.489432900000004,-113.39201240000001,5,7645.1
9149,53.41472596,-113.51858059999999,3,4841.8
9216,53.42949978,-113.5177879,3,4195.9
9226,53.41760122,-113.42745659999999,5,5672.1
9256,53.4172313,-113.56572890000001,3,1487.8
9257,53.41671003,-113.5664084,3,1493.9
9258,53.41687574,-113.5669192,3,1863.8
9327,53.45458469,-113.58952179999999,3,5780.4
9342,53.42651082,-113.52878490000002,3,3041.5
9343,53.42636827,-113.52845900000001,3,3025.8
9354,53.53407858,-113.48394099999999,2,2286.7
9363,53.45453548,-113.55061640000001,3,6099.1
9407,53.48397351,-113.36879029999999,5,8009.7
9424,53.42599293,-113.63531270000001,3,4770.3
9425,53.426286899999994,-113.6342332,3,4697.7
9549,53.40088153,-113.51997560000001,3,6111.1
9557,53.43359775,-113.6086498,3,3603.6
9565,53.43353133,-113.6083617,3,3615.5
9646,53.43961353,-113.6048739,3,3993.8
9682,53.42466794,-113.4233669,5,5406
9683,53.42528331,-113.42580259999998,5,5062.3
9684,53.42526942,-113.42606979999998,5,5060.6
9743,53.45967123,-113.5668535,3,5806.3
9744,53.45724986,-113.56588290000002,3,5524.8
9920,53.43049708,-113.4183463,5,4843.9
9921,53.43053007,-113.41794640000002,5,4387.9
9922,53.42673788,-113.41795330000001,5,4809.6
9962,53.46102432,-113.49165179999999,5,6391.4
9963,53.45439187,-113.58349740000001,3,5399.8
9964,53.51154305,-113.53986780000001,2,3745.7
9965,53.50765394,-113.5408686,2,4198.4
9966,53.41605364,-113.51286280000001,3,4905.2
9968,53.42447317,-113.62164840000001,3,3784.9
9970,53.42053888,-113.53220879999999,3,3561.1
9972,53.42445153,-113.5559457,3,1116
9991,53.42503109,-113.5154116,3,3746
9994,53.450936,-113.61381100000001,3,5765.9
9998,53.48897072,-113.39080159999999,5,7753.8
9999,53.44867138,-113.6118196,3,5984.9
10000,53.48915551,-113.39056670000001,5,7735.7
10008,53.45027569,-113.6095233,3,5962.3
10010,53.43566446,-113.6302953,3,5591
10011,53.44453709,-113.6166406,3,5523.6
10012,53.44492842,-113.6169264,3,5539.7
10014,53.44528111,-113.61884640000001,3,5422
10016,53.44432839,-113.61740259999998,3,5424.3
10018,53.44121442,-113.6260325,3,5113.1
10019,53.40084492,-113.5342517,3,5667.6
10032,53.42862657,-113.59407920000001,3,1885.7
10033,53.40656046,-113.56690479999999,3,3605
10045,53.42594862,-113.40028490000002,5,6307.6
10059,53.4265816,-113.4001466,5,6408.1
10060,53.41102111,-113.46066499999999,5,6633.7
10071,53.46107089,-113.36765630000001,5,5881
10073,53.45979924,-113.3633463,5,6065.6
10074,53.4588433,-113.3685124,5,5715
10075,53.46065597,-113.3685558,5,6406.3
10076,53.46142168,-113.36781670000002,5,6321.6
10084,53.41801224,-113.42346200000001,5,5806.8
10085,53.40598414,-113.5730267,3,2988.5
10086,53.48464033,-113.54091059999999,1,1884.8
10089,53.45315076,-113.61415090000001,3,6236
10090,53.45026628,-113.6100129,3,5962.3
10091,53.44843939,-113.6089997,3,5757.4
10092,53.44669002,-113.60965929999999,3,5427.1
10104,53.40102631,-113.5725043,3,3482.6
10107,53.44031616,-113.62715829999999,3,4905.9
10108,53.44076183,-113.62455,3,4796.5
10109,53.48836838,-113.54091470000002,1,2100
10110,53.43003745,-113.41873729999999,5,5141
10114,53.43960311,-113.6269381,3,4828.5
10115,53.43949725,-113.61978329999998,3,4966.7
10117,53.44304336,-113.6200584,3,5275.9
10124,53.43921938,-113.6196659,3,4343.6
10151,53.45383076,-113.4888193,5,4336.1
10155,53.48736068,-113.42012759999999,5,5988.8
961903,53.45599386,-113.4401192,5,415.1
971903,53.45599386,-113.4401192,5,415.1
971938,53.48067577,-113.520743,1,3314
981890,53.50133909,-113.5795463,1,7032.1
981903,53.45599386,-113.4401192,5,415.1
981938,53.48067577,-113.520743,1,3314
982157,53.52686809,-113.5081639,2,3749
982687,53.47344833,-113.57479579999999,3,7571.6
984376,53.54555797,-113.4585835,4,4138.6
984667,53.53440614,-113.47256429999999,2,4655.4
991193,53.49951539,-113.454678,4,4030.5
991890,53.50133909,-113.5795463,1,7032.1
991903,53.45599386,-113.4401192,5,415.1
991938,53.48067577,-113.520743,1,3314
992157,53.52686809,-113.5081639,2,3749
992409,53.50758459,-113.4842158,4,2771.6
992687,53.47344833,-113.57479579999999,3,7571.6
994124,53.52354317,-113.453953,4,2098.1
994179,53.53582832,-113.42514140000002,0,3393.5
994376,53.54555797,-113.4585835,4,4138.6
994667,53.53440614,-113.47256429999999,2,4655.4
