id,duration
614.0,0.1868421053
5586,1.105263158
3706,0.42631578950000004
2479,1.078947368
4755,0.4815789474
3786,0.028947368419999998
10089,0.047368421050000005
10109,0.03421052632
1918,1.352631579
2223.0,1.5710526319999998
4149,1.228947368
1169,0.1289473684
5422,0.03157894737
2562.0,0.8684210526
1124.0,0.057894736839999995
974,0.1394736842
3460,0.38157894740000003
2842,4.721052632
2342,0.7736842105
19,0.24736842109999999
2978,2.436842105
2718,0.03947368421
3542,2.0421052630000003
361,0.023684210530000003
2424,0.21052631579999997
2217.0,0.9552631579
1349,0.047368421050000005
3109,0.06052631579
2875,0.7315789474
1721,0.07631578947
236.0,0.026315789469999996
1867.0,4.1236842110000005
6026,1.507894737
1629,0.06052631579
6887,0.5421052632
4393,0.09210526315999999
4047,1.1394736840000002
1433,1.373684211
3077,1.336842105
2711.0,1.352631579
6702,0.05
10107,0.01052631579
8466,0.30526315789999997
382.0,3.281578947
1118.0,0.3421052632
1637,0.6026315789
4204,2.494736842
3255,0.03684210526
5606,0.05
3395,0.7605263158
3692,0.7921052632
1636,0.37894736840000004
4725,2.384210526
403.0,0.11578947369999999
2824,4.689473684
1224,0.2921052632
2812,1.4815789469999998
2814,1.984210526
2571,0.03421052632
5647,0.6552631579
9354,1.023684211
2247,0.6684210526
954.0,0.05
2820,0.1
3754,0.6394736842000001
1155,0.06052631579
4562,1.039473684
1068.0,0.09736842105
841.0,0.3947368421
1309,0.42894736840000003
9424,0.052631578949999994
1827.0,0.01842105263
2900.0,0.26052631579999996
10045,0.03157894737
487,0.4
2955.0,1.381578947
1424.0,0.028947368419999998
385.0,0.37105263159999996
1714.0,0.7789473684
8302,0.02105263158
547.0,0.11315789470000001
4528,0.8710526316
3489,0.03157894737
1375,0.7631578947
2130,0.03157894737
1847.0,0.06578947368
5589,0.7342105262999999
8102,0.06842105262999999
4034,1.186842105
1244,0.08421052632
4304,0.4368421053
10033,0.3657894737
1873,0.6631578947
7292,0.3421052632
970,0.052631578949999994
381.0,0.09210526315999999
3748,0.3289473684
8463,0.06315789474
1841.0,1.052631579
1255,0.1526315789
100.0,0.02105263158
4120,1.226315789
3191,1.018421053
1367,0.1368421053
6430,0.2578947368
7169,0.03157894737
1369,0.5394736842
386.0,0.44736842109999997
3499,4.586842105
1421,0.8210526316
3702,0.03157894737
3367,0.03947368421
1518,0.3
3991,1.573684211
666.0,0.7973684211
1782.0,2.247368421
8103,0.028947368419999998
3451,0.36842105259999997
2470.0,0.04473684211
1712.0,0.052631578949999994
1108,0.028947368419999998
3661,0.4921052632
2568,2.678947368
3026,0.3473684211
1889.0,1.181578947
3163,1.107894737
182.0,0.1526315789
7127,0.03157894737
4482,1.810526316
535.0,0.1289473684
4222,1.4815789469999998
1769,0.5526315789
6510,1.4815789469999998
2459.0,0.6315789474
1184.0,0.18947368420000002
3990,1.6
3007,0.04210526316
4376,4.684210526
8063,0.1947368421
2586,0.1236842105
8443,0.1578947368
1035.0,0.6052631579
2060,0.09210526315999999
2164.0,0.8157894737000001
1688,0.04473684211
237.0,0.03157894737
3359,0.1315789474
4012,0.2631578947
6578,0.8210526316
2953,0.7578947368000001
1104.0,0.03947368421
7047,0.8263157895000001
3134,0.2921052632
4616,0.4368421053
619,0.052631578949999994
2134,0.013157894740000002
935,0.08157894737
8015,0.11578947369999999
2551.0,0.07368421052999999
2245,0.11578947369999999
2518,0.06578947368
1778.0,2.057894737
3566,1.328947368
2251,1.5789473680000001
8483,0.03421052632
2521,0.02105263158
2611.0,0.057894736839999995
2584,0.03157894737
1351,0.047368421050000005
3368,3.094736842
3041,3.605263158
1157,0.9473684211
814,1.657894737
2482.0,2.234210526
9991,0.35
2899.0,0.2631578947
1677,0.08947368421
1193.0,4.510526316
1343,0.1394736842
4627,1.4
4391,0.5763157895000001
527,0.03684210526
2016.0,0.36842105259999997
1675,0.7842105263
4500,0.4868421053
9744,0.2
1319.0,0.1105263158
2080.0,1.078947368
4279,1.05
4479,0.05
4127,1.4052631580000001
1245,0.1447368421
8101,0.1289473684
1517,0.09210526315999999
4385,0.052631578949999994
2523.0,0.08421052632
9258,0.01578947368
625,0.1368421053
938,0.06842105262999999
1103.0,1.9052631580000001
4635,2.368421053
1428,0.3394736842
2386.0,0.2631578947
4767,1.868421053
3468,1.447368421
4538,3.947368421
4198,0.9526315789
995.0,0.04210526316
2705.0,1.918421053
2412.0,0.2289473684
863.0,0.1026315789
8287,1.3473684209999999
4357,0.42631578950000004
4098,0.2789473684
4556,1.2842105259999999
511.0,3.7263157889999996
3864,0.7973684211
4653,2.15
356,0.2921052632
3897,0.9473684211
2031,0.06842105262999999
7128,0.023684210530000003
1543,0.08947368421
1816,0.8105263158
3802,2.642105263
2161,0.1684210526
2174,4.267105263
1624.0,0.1394736842
640.0,0.08421052632
789.0,1.473684211
993.0,0.03157894737
4261,2.326315789
1139.0,0.2
3361,0.10526315789999999
484.0,0.02105263158
615.0,0.28684210530000004
3398,0.2289473684
667,0.02105263158
1877.0,0.6368421053
1390,0.06842105262999999
1980.0,2.421052632
9549,0.5052631579
1477.0,0.03684210526
10075,0.30526315789999997
69.0,0.08421052632
4573,0.4868421053
3461,0.1263157895
3693,1.068421053
7229,0.5
4642,1.315789474
1113.0,3.0289473680000003
861,2.326315789
4486,0.1868421053
926.0,0.5631578947
1611.0,0.05
2587.0,0.6105263157999999
7209,0.02105263158
4588,0.03157894737
2524.0,0.08421052632
4630,4.6263157889999995
4471,1.568421053
1608.0,0.03157894737
188,0.1026315789
3371,1.3789473680000002
1505,0.8105263158
9072,0.24473684210000002
2527.0,1.163157895
4527,0.05
2387,1.263157895
4623,1.210526316
4696,0.05
2745,2.571052632
4557,0.8315789473999999
2825,0.04473684211
4547,0.1473684211
9425,1.231578947
1716,0.08684210526000001
6888,0.1315789474
4531,0.7394736842
3081,4.647368421
693.0,0.1815789474
414,0.1447368421
2970,5.020050607
2738.0,1.9210526319999999
6390,0.06578947368
3725,4.1315789469999995
1091.0,0.2263157895
2162.0,0.8684210526
1756,0.6342105263000001
3008,0.03947368421
5646,0.07368421052999999
781.0,0.03421052632
10060,0.052631578949999994
2357.0,0.05
1557,0.28684210530000004
6246,0.04210526316
4048,2.281578947
1429,0.2921052632
3503,3.236842105
1135.0,2.2
2157,3.947368421
8504,0.01578947368
166.0,0.03421052632
1073,0.047368421050000005
4311,0.1394736842
1376,1.05
1916,0.047368421050000005
3951,0.7157894737
3115,2.1
1628.0,0.07105263158
4644,0.9763157895
1743,0.028947368419999998
820.0,0.1473684211
3434,5.039473684
8144,0.2763157895
1427,0.1078947368
2473,1.739473684
1584,0.11315789470000001
1944.0,1.618421053
1499,0.023684210530000003
1787.0,0.4026315789
3202,0.04210526316
3070,0.8763157895
4013,3.2473684210000004
2806,0.03421052632
4278,0.8868421053
3647,1.397368421
7409,0.4815789474
4451,1.031578947
4384,0.7815789474
1862,0.9210526316
309.0,0.7631578947
2634,1.089473684
950,1.563157895
8288,0.03684210526
4735,1.613157895
5361,0.2921052632
1431,1.197368421
1436.0,0.11315789470000001
1886,1.262105263
4544,0.03684210526
2715,0.02105263158
735.0,0.9394736842
307.0,1.281578947
4723,0.1421052632
3334,0.05526315789
4315,0.3421052632
1905.0,0.8473684211
7250,0.6710526316
1003,0.30263157890000003
4533,0.9394736842
1179,0.04473684211
3832,0.06315789474
988.0,0.047368421050000005
1626.0,0.03947368421
2402,0.15
3384,2.071052632
465,2.371052632
468.0,1.723684211
1297,0.1
4126,0.09473684211000001
4179,0.4815789474
2471.0,0.3105263158
5322,1.339473684
291.0,0.09210526315999999
2084,0.37368421049999995
3641,0.03421052632
1352,0.5263157895
74,0.04210526316
1858,0.8342105262999999
2860.0,4.292105263
8264,0.7026315789
2870.0,0.3289473684
3707,1.944736842
5825,0.2026315789
3554,1.747368421
604,0.06315789474
2687,1.539473684
1582,0.5368421053
2837,0.1473684211
2828,0.04210526316
1646.0,0.06842105262999999
3605,0.04210526316
8080,0.2736842105
3479,2.368421053
1452.0,0.3210526316
2954.0,1.352631579
2343,0.2552631579
2847,0.052631578949999994
930,0.8552631579000001
2478,0.9157894737000001
1316.0,0.7026315789
9071,0.2052631579
1515,0.5184210525999999
1438.0,0.03157894737
2179,0.4736842105
1978,0.5394736842
1850.0,0.1815789474
2892.0,2.071052632
4587,0.09736842105
1658.0,1.0
3710,0.2421052632
4321,0.11842105259999999
4686,0.1289473684
3119,2.7842105260000003
5588,0.3
2476,0.03157894737
4082,0.9315789473999999
3242,0.09473684211000001
1682,0.03157894737
1708,0.08947368421
1663,4.279210526
2047.0,0.028947368419999998
997,0.09473684211000001
3674,2.126315789
9257,0.05
1590,2.086842105
1154,0.4368421053
4579,0.4868421053
3734,0.4973684211
2196,2.947368421
7149,3.539473684
948,3.815789474
2237,0.07105263158
3834,0.3315789474
3394,0.07631578947
1981,3.039473684
2635,0.9710526316
3372,0.04210526316
3344,3.205263158
761,0.7894736842
4484,2.452631579
3921,2.815789474
4308,1.2157894740000001
3685,1.118421053
8084,0.026315789469999996
1957,0.42631578950000004
1643.0,0.052631578949999994
9921,1.142105263
9683,0.30526315789999997
4122,4.431578947
1386,0.052631578949999994
1279,0.11578947369999999
8285,0.04210526316
6166,0.8210526316
1917,0.8236842105
4668,0.6894736842
1922.0,0.06052631579
6250,0.47631578950000003
2156.0,1.736842105
3122,3.536842105
3850,0.047368421050000005
981890,0.6421052632
97,0.04473684211
6069,0.06578947368
826.0,0.6605263158
224,0.047368421050000005
1339,0.03684210526
1542,0.04210526316
1232.0,0.03421052632
2340,0.8052631579
886,0.03947368421
1262,1.694736842
383.0,0.2842105263
2193.0,0.3947368421
1602,0.3342105263
1866,1.397368421
7289,0.3421052632
1494,1.710526316
3504,1.863157895
862.0,0.06842105262999999
685,0.1026315789
2632.0,1.613157895
32,0.026315789469999996
1372,0.026315789469999996
1958,0.6315789474
4572,1.447368421
2499.0,0.5210526315999999
9999,0.7657894737000001
7649,0.8
4438,0.03684210526
1752.0,2.247368421
225,0.057894736839999995
2256,0.1631578947
1710,0.5736842105
809.0,0.06052631579
6391,0.06052631579
10012,0.09736842105
2914.0,1.0
4119,0.09473684211000001
1674.0,0.4052631579
609.0,0.057894736839999995
3862,0.1210526316
598.0,1.184210526
827,1.521052632
10092,0.23684210530000002
1508.0,0.5263157895
5544,1.6
2534,0.48947368420000004
3636,0.3657894737
4546,4.710526316
2184,4.821052632
4396,0.08421052632
2062.0,0.6789473684
2608,0.7105263158
3831,3.2526315789999996
73,0.09736842105
1920,0.8710526316
548.0,0.06052631579
9226,0.5710526316
1110.0,0.052631578949999994
2783,0.9263157895
9068,0.01578947368
2068.0,0.03157894737
3402,2.371052632
2432,0.028947368419999998
3859,1.102631579
2522.0,0.1105263158
1762,0.03947368421
1189,0.3394736842
1797.0,1.044736842
2566,0.08421052632
1296,0.05
2067.0,0.2894736842
2972,0.2052631579
1170.0,0.1394736842
1546,0.03947368421
4493,2.4473684209999997
2570,0.6763157895
2550.0,0.057894736839999995
1579,1.1684210529999999
1794,1.292105263
2074,2.163157895
649,4.210526316
10014,0.002631578947
4428,1.276315789
618,0.07105263158
10084,0.2815789474
4730,0.4578947368
3918,4.236842105
10104,0.7631578947
1115,1.6210526319999998
1447.0,0.3894736842
2308,0.04473684211
2494,0.03157894737
3829,0.7315789474
3604,0.03947368421
1497.0,1.121052632
1770,0.03684210526
1915.0,0.1026315789
476.0,0.30263157890000003
2360,0.3447368421
3819,0.03684210526
2467.0,1.031578947
4124,1.989473684
64.0,1.271052632
4708,1.078947368
6659,0.8421052631999999
3108,0.1315789474
1048.0,0.7868421053
1141.0,0.07894736842
2645.0,3.1894736839999998
3267,1.142105263
4288,0.1447368421
1362.0,0.1026315789
3579,1.7842105259999999
404.0,0.07631578947
1600.0,0.36842105259999997
1568.0,1.0815789470000001
4626,0.3368421053
3750,0.2289473684
1500,0.07105263158
1457.0,0.2631578947
1370,0.4394736842
7430,1.178947368
979.0,3.342105263
2846.0,0.4368421053
132.0,2.078947368
883.0,3.157894737
8188,0.2289473684
1693,0.1657894737
3957,0.7131578947
2408,1.484210526
607,0.30263157890000003
2448.0,3.389473684
3924,0.3157894737
3780,1.952631579
4456,1.894736842
5665,0.04210526316
2017.0,0.07631578947
2009,0.1789473684
1492,0.25
1516,0.8657894737
137,0.07368421052999999
2087,1.6789473680000002
898,0.02105263158
2937,0.08421052632
278.0,0.07368421052999999
3379,0.03421052632
8079,0.03684210526
2189,5.104473683999999
4033,0.07631578947
6434,0.03684210526
1759.0,1.631578947
4389,0.3105263158
3333,0.9157894737000001
579.0,0.9578947368
982,0.2526315789
3017,0.04473684211
1183,0.5
2244.0,1.786842105
1938,4.952631579
2922,0.24736842109999999
7953,0.5210526315999999
747,0.03684210526
1748,0.30526315789999997
3942,0.4789473684
4411,0.2131578947
9998,0.4131578947
3294,1.915789474
2871,4.213157895
2462.0,0.04473684211
807,0.03947368421
1123.0,0.057894736839999995
2468.0,1.9289473680000002
4435,2.423684211
4282,0.1447368421
10086,0.5973684211
1070.0,0.07631578947
1871,0.3526315789
1574,0.04210526316
10071,0.02105263158
1363.0,0.1
4583,4.1052631580000005
1956,0.6447368421
4344,4.378947368
3044,0.6157894736999999
4485,2.9105263160000003
3821,0.5947368421
2466.0,0.1789473684
1109,0.2657894737
1885,1.365789474
257,0.028947368419999998
3472,0.36842105259999997
2306.0,0.03421052632
2731.0,1.315789474
9966,0.7026315789
4681,0.9078947368000001
405.0,0.05
529,0.06842105262999999
1941,0.1552631579
5441,0.1763157895
8099,0.7236842105
7048,0.4026315789
4330,1.276315789
9684,1.042105263
2577.0,1.060526316
8100,0.4078947368
208,0.95
3856,0.2710526316
1446.0,0.3394736842
2048.0,0.052631578949999994
1896.0,1.5710526319999998
195,0.06578947368
752,0.2894736842
4024,0.10526315789999999
103.0,0.7184210526
3287,0.1394736842
934,0.04473684211
2662.0,1.757894737
4343,4.231578947
4081,1.547368421
2530,0.03421052632
5806,0.36842105259999997
773.0,0.057894736839999995
6392,0.01842105263
1361.0,2.8526315789999996
2409,0.7394736842
952,0.03947368421
4259,2.578947368
5063,0.1315789474
265.0,0.05
2288.0,0.19210526320000001
1451.0,1.3315789470000001
9557,0.057894736839999995
2769.0,1.805263158
9968,0.1078947368
2346,0.4526315789
4590,1.702631579
3840,0.06315789474
4625,1.010526316
1289,0.2263157895
1239,0.02105263158
3266,0.24473684210000002
1825.0,0.2131578947
1467,0.06052631579
1391,0.04473684211
3406,0.03157894737
4276,0.05
8382,0.6315789474
1174.0,0.4342105263
3485,3.276315789
470.0,0.04210526316
2826,1.515789474
2208,0.04210526316
3450,0.03684210526
4720,0.06842105262999999
3532,0.8657894737
1182,0.09210526315999999
3527,4.210526316
1238,0.1078947368
1549,0.07105263158
4736,1.842105263
2683.0,0.9131578947
2401,0.007894736842
1995,1.710526316
4375,0.8657894737
4489,0.7421052631999999
2053.0,0.2631578947
791,0.047368421050000005
1687,0.06578947368
1479.0,0.023684210530000003
3701,0.6007894737
6146,1.497368421
3973,4.763157895
2434,3.9657894739999997
1394,0.1473684211
1638,0.1210526316
4542,0.3289473684
2190,2.789473684
793.0,0.02105263158
1772,0.03421052632
2088,1.084473684
2191,2.163157895
1749.0,0.052631578949999994
4165,2.189473684
2005.0,1.484210526
2063.0,0.03421052632
1792.0,0.3526315789
3136,0.09736842105
3433,0.05526315789
2077,0.36842105259999997
13,0.047368421050000005
2298,0.03421052632
2509,0.5973684211
3705,1.413157895
1432,0.31842105260000003
4377,0.3421052632
310.0,0.057894736839999995
2517,2.3
2255.0,1.384210526
2904.0,0.026315789469999996
4684,0.8552631579000001
3955,0.1473684211
6186,0.03421052632
1435.0,0.5368421053
1805,1.0
1974,0.01842105263
2141.0,0.5421052632
1864,0.1789473684
230,0.07105263158
4297,0.03684210526
674,2.631578947
2326,0.047368421050000005
4427,2.257894737
1760.0,0.03684210526
538.0,0.7605263158
2011,0.3605263158
1346.0,0.04473684211
2314,0.08421052632
7211,0.02105263158
10073,0.023684210530000003
4596,4.6263157889999995
3596,1.25
2061,0.023684210530000003
6167,0.1605263158
2082,4.121052632
1371,0.4026315789
3917,1.85
2347,0.1710526316
9067,0.026315789469999996
254,0.08684210526000001
3405,0.3315789474
2859,0.42894736840000003
2325,0.057894736839999995
1530,0.09473684211000001
1761,0.06578947368
4043,2.473684211
4689,2.5289473680000003
1861,0.2973684211
719,0.08947368421
7130,0.1789473684
50,0.1631578947
464,0.6842105262999999
1514,1.447368421
2034,1.978947368
10108,0.02105263158
984,1.536842105
1374,2.097368421
1837.0,0.1657894737
2345,0.03947368421
1894.0,2.15
1967.0,2.502631579
1125.0,0.04473684211
2331.0,0.03947368421
160,0.03421052632
1569,0.04210526316
3883,1.4684210530000001
102,0.44473684210000003
2263,3.481578947
1622.0,0.1078947368
6106,3.236842105
2006.0,1.973684211
2549.0,0.07105263158
407.0,0.05
4087,0.6789473684
2604,0.2736842105
2349,0.023684210530000003
2973,1.3473684209999999
1804,0.04473684211
1338,0.09210526315999999
7107,0.1
4523,1.223684211
7914,0.4578947368
9343,0.007894736842
3881,0.1368421053
2576.0,0.07368421052999999
1293,0.2631578947
8081,0.02105263158
4650,0.7105263158
15,0.1605263158
1990,2.936842105
1771.0,2.513157895
3806,0.01578947368
2035,0.03421052632
1491,0.4973684211
1529,0.07105263158
4600,2.342105263
11.0,0.08947368421
2597.0,0.052631578949999994
4540,1.526315789
1378,0.1578947368
1799,0.026315789469999996
6432,0.01842105263
3130,0.28684210530000004
931,0.23157894739999998
5585,0.1289473684
4679,0.4026315789
2520,0.01842105263
4397,0.2736842105
2631,0.09473684211000001
3958,0.9131578947
3196,1.615789474
4039,1.797368421
2733,0.6763157895
6,0.052631578949999994
3769,0.02105263158
2598.0,0.7289473684000001
8243,0.04473684211
2717,0.4026315789
8286,0.11842105259999999
2239,0.06052631579
1095,0.2289473684
1506,1.0973684209999999
270.0,2.094736842
368,0.1605263158
4199,1.118421053
6594,5.566289693
744,0.04210526316
10059,0.8289473684
3857,4.386842105
280.0,0.03947368421
9070,0.023684210530000003
2663,0.6105263157999999
2054,1.307894737
1939,0.3605263158
3959,0.9473684211
3400,1.984210526
1586,0.07894736842
622,0.08421052632
10011,0.01578947368
1453.0,0.1578947368
1513,0.057894736839999995
1720,0.6
3444,1.055263158
2481,1.289473684
764,0.09473684211000001
4709,0.6947368421
769,0.1
4365,2.368421053
3487,0.17368421050000002
170.0,0.013157894740000002
3477,1.118421053
391,0.03684210526
3552,3.7934210530000003
4662,0.8157894737000001
1366,0.9710526316
402.0,0.4
2407,0.9605263158
4177,0.9684210526
4325,0.07631578947
1691,0.23157894739999998
4148,0.2842105263
3432,2.631578947
1399,0.08684210526000001
3127,2.1
3637,0.4315789474
1392,0.08157894737
2069.0,0.03157894737
5725,1.592105263
38,0.5026315789
10010,0.07105263158
530,0.1394736842
1201.0,1.660526316
1707,0.03684210526
8503,0.03684210526
1863.0,0.5842105263
596.0,4.736842105
3416,1.805263158
1767.0,0.10526315789999999
4267,3.478947368
2626.0,0.26842105260000004
1320.0,0.1105263158
1909,1.128947368
1211,0.3921052632
626.0,0.10526315789999999
792,0.06315789474
2066.0,1.3421052629999999
3923,0.026315789469999996
10115,0.028947368419999998
2988,1.273684211
8192,0.03157894737
553.0,0.03684210526
3182,2.894736842
1796,1.0342105259999999
47,0.07631578947
1645.0,0.08157894737
623.0,0.6263157895
388,0.07105263158
3123,0.1578947368
1652.0,0.11578947369999999
534.0,0.1710526316
3249,0.7184210526
2460,0.3947368421
380,0.05
4366,0.5578947368
4437,0.6815789473999999
1149,1.05
101.0,0.1263157895
1997,0.8097368421
1511.0,0.01842105263
4655,0.2947368421
28,4.939473684
3459,0.11315789470000001
3526,2.5421052630000003
1689,0.4789473684
2762.0,2.7973684210000003
1272.0,0.02105263158
8282,0.03157894737
2474,3.844736842
1042,0.4052631579
2583,0.028947368419999998
4606,0.7342105262999999
10114,0.2236842105
3884,0.3131578947
1919,4.507894737
2348,0.08947368421
2650,0.37631578950000005
2921.0,0.1763157895
3399,2.465789474
1814.0,1.4
1449.0,0.03421052632
4550,0.2210526316
2495,0.057894736839999995
6237,0.08157894737
9327,3.7210526319999997
4574,0.9184210526000001
2150,0.08947368421
1022,0.23684210530000002
4055,0.17368421050000002
3313,2.894736842
4578,0.42894736840000003
1350,0.06842105262999999
3492,0.5052631579
1654.0,0.6526315789
2553.0,0.07894736842
2425.0,0.7973684211
4256,0.08947368421
3956,0.2947368421
6046,0.46578947369999996
9682,0.37894736840000004
4067,0.8473684211
2356.0,1.194736842
4643,1.789473684
568.0,0.18421052629999998
821,0.2842105263
624.0,0.052631578949999994
557,0.05
2966.0,1.105263158
2559,2.018421053
3787,1.584210526
9565,0.05526315789
9342,0.04473684211
1711,1.302631579
3549,0.11578947369999999
4584,4.336842105
665,0.4
1868.0,0.7605263158
2811.0,0.1078947368
3896,0.2526315789
696.0,0.01578947368
10008,0.3013157895
3370,0.46578947369999996
4091,0.6289473684
4529,1.276315789
1312.0,0.8789473684
1859,1.223684211
2380.0,3.263157895
558.0,0.04473684211
2045.0,0.15
1342.0,0.03157894737
909,0.1578947368
9256,0.1236842105
1156,0.04473684211
3129,0.7157894737
1100,0.05
1107,0.24736842109999999
4724,0.04473684211
9407,1.963157895
2450.0,0.03157894737
2410.0,3.368421053
2506,4.607894737
3751,1.128947368
6331,0.38157894740000003
9363,0.9605263158
2008,1.007894737
3315,0.023684210530000003
2257,0.3236842105
10016,0.3105263158
3745,1.510526316
3852,1.736842105
8685,0.03421052632
2753.0,1.771052632
8013,0.028947368419999998
2547.0,0.04210526316
2233.0,2.3
1460,0.09736842105
2975,0.8578947368000001
255.0,0.01842105263
1249,0.1421052632
1140.0,0.1421052632
2195,0.3210526316
2317,0.2947368421
684,0.18947368420000002
563,0.11842105259999999
2297,0.1236842105
4530,0.1605263158
2622,0.35
4151,0.3473684211
1599.0,0.11578947369999999
1552,0.047368421050000005
4322,1.255263158
1001.0,0.2657894737
3449,1.568421053
121,0.07894736842
2172.0,0.03157894737
2371,0.04210526316
3545,2.621052632
3408,1.231578947
4450,2.823684211
8203,0.01578947368
4221,1.4684210530000001
695,0.08157894737
1136.0,0.047368421050000005
120,0.04210526316
2779,1.364210526
2379.0,2.044736842
439.0,5.034210526
4765,0.03684210526
1634,0.052631578949999994
4211,2.460526316
3377,2.121052632
7933,0.2815789474
542.0,2.631578947
2307.0,0.047368421050000005
2610.0,0.1394736842
3254,0.36842105259999997
432,0.047368421050000005
2339.0,2.173684211
2472,2.632631579
975.0,1.936842105
9743,0.2
3083,0.03684210526
3043,2.578947368
1400,2.286842105
2142.0,0.28684210530000004
1456.0,0.4342105263
198,0.03421052632
4452,1.5789473680000001
653,0.6052631579
4520,2.736842105
4545,1.031578947
2974,0.047368421050000005
2001,0.4131578947
3107,0.11578947369999999
4281,0.03684210526
3922,1.605263158
4262,0.3078947368
3342,3.2278947369999997
2897.0,0.026315789469999996
1798,0.3394736842
106.0,2.8657894739999996
207.0,0.9763157895
1531,2.5
1623.0,0.8605263157999999
10124,2.85
1695,0.09473684211000001
1161.0,0.05
2224.0,0.2763157895
3665,0.07105263158
1520,0.2815789474
1220,0.4052631579
3517,0.7631578947
4462,4.192105263
6967,0.1394736842
2504,0.028947368419999998
8182,0.05526315789
417,0.03684210526
3276,3.268421053
699,1.055263158
1583.0,0.8236842105
1966.0,0.9684210526
3996,3.607894737
4841,0.026315789469999996
209,0.04473684211
4719,0.023684210530000003
2277,1.231578947
4260,3.157894737
9646,0.41578947369999997
9922,1.310526316
2563,4.207894737
3170,0.9947368420999999
1985,2.3236842109999998
1612.0,3.268421053
3974,4.3
4490,0.8894736842000001
1713.0,0.057894736839999995
2971,0.1973684211
4712,0.4868421053
2014.0,4.884210526
4581,0.7973684211
53,0.01052631579
7913,0.4368421053
881.0,0.41578947369999997
2152,0.21842105260000003
1017.0,0.5710526316
134,0.08684210526000001
1132.0,0.013157894740000002
822,0.04473684211
4088,0.6157894736999999
3570,1.5315789469999999
312,0.047368421050000005
4374,0.07368421052999999
1722.0,0.026315789469999996
2406,1.186842105
2957,1.213157895
1430,0.24736842109999999
1692,0.6342105263000001
3847,0.9578947368
1869.0,0.4026315789
2391.0,2.171052632
2449.0,0.1763157895
4423,1.568421053
4651,0.1657894737
1548.0,0.023684210530000003
929,0.08947368421
3116,1.3894736840000002
410.0,0.026315789469999996
2366,0.04210526316
4469,0.1447368421
9920,1.202631579
2428,0.6552631579
93,0.1763157895
1585,0.25
10117,0.03421052632
2207,0.07105263158
2985,0.3210526316
4521,1.078947368
7291,0.1315789474
597.0,1.1105263159999998
2204,0.24736842109999999
560.0,0.03684210526
3730,0.17368421050000002
1910.0,1.792105263
787.0,0.8947368420999999
1395,0.11842105259999999
10090,0.05526315789
5541,0.45
1558,0.08947368421
181.0,0.6578947368
1619,0.6026315789
690,0.6789473684
694.0,1.128947368
4754,1.439473684
469.0,1.1578947370000001
8014,0.03157894737
1167.0,1.771052632
2367,0.19210526320000001
2097,0.6157894736999999
2373.0,0.7973684211
1580,0.38157894740000003
2451.0,0.06052631579
1120,0.04210526316
5805,0.01157894737
3666,0.3421052632
10085,0.8105263158
2487,2.947368421
1442,1.1526315790000001
1204,0.18421052629999998
1228.0,0.7763157895
2106,0.37894736840000004
3397,0.05
2823,0.75
2010,1.328947368
1202.0,0.1631578947
3418,0.3157894737
1308.0,0.8394736842
2168,0.1394736842
1180.0,0.09210526315999999
2913.0,0.8578947368000001
7189,4.260526316
408.0,0.1789473684
6722,0.01578947368
4162,0.3263157895
9970,0.052631578949999994
1589.0,0.2210526316
4186,1.181578947
1257,0.1526315789
1625.0,0.07368421052999999
4190,5.55
4035,1.047368421
2505,0.1078947368
2452.0,0.01842105263
1573,0.04210526316
6576,0.1447368421
2103.0,0.03947368421
2461.0,0.11842105259999999
3640,0.3947368421
2928,0.6368421053
21,0.05526315789
5083,0.6052631579
23,0.1236842105
1630,0.1105263158
724.0,0.2342105263
2941.0,0.1
10000,0.3368421053
1555,1.102631579
5786,1.210526316
4576,1.589473684
1221,0.06052631579
1151,2.423684211
4398,1.778947368
1849.0,3.421052632
2085.0,0.1315789474
969.0,0.03947368421
107.0,0.3078947368
72.0,0.06052631579
2004,0.047368421050000005
910.0,0.06578947368
2165.0,0.4368421053
10018,0.3421052632
3820,2.868421053
4394,4.1052631580000005
4601,0.5131578947
440.0,0.1026315789
5341,0.5578947368
5101,0.6078947368
3667,0.2421052632
1892.0,1.686842105
1610,0.4552631579
1566,0.6710526316
2364,0.04210526316
1187.0,1.328947368
2276.0,2.271052632
1437,0.9394736842
3441,0.9421052631999999
3350,1.7684210530000002
110,0.11578947369999999
3540,2.05
3411,0.4078947368
308.0,1.231578947
823,0.08157894737
412,0.1868421053
3568,4.473684211
5605,0.03421052632
2382,1.684210526
1959,0.37368421049999995
316,0.047368421050000005
4609,1.3315789470000001
985.0,0.07631578947
2579,0.05
1540,0.1078947368
1096,0.3263157895
1253.0,0.4947368421
906.0,0.05526315789
1784.0,0.07631578947
3687,1.736842105
7129,0.04473684211
1393,0.1026315789
135,0.2131578947
3950,1.2842105259999999
222,0.07368421052999999
2575.0,1.381578947
559,0.5131578947
1193,2.394736842
1329,0.06315789474
8482,0.1605263158
9126,0.4921052632
1810.0,0.11315789470000001
4676,2.271052632
4395,2.673684211
1895.0,0.028947368419999998
2363,0.6394736842000001
1031,0.1263157895
178,0.05
4532,0.38157894740000003
4535,0.03157894737
539,0.052631578949999994
2261.0,2.347368421
2385.0,0.1552631579
256.0,0.8315789473999999
152,0.5631578947
2456.0,0.04473684211
5685,0.2947368421
1416,0.08947368421
2567,1.131578947
1952,0.7236842105
1906.0,2.376315789
2898.0,0.03947368421
1970.0,0.09736842105
279.0,0.3421052632
3390,2.5
2266,5.434210526
2032,0.4921052632
4075,4.0
6704,0.36842105259999997
1541,0.05526315789
2486,0.04473684211
2183,0.6631578947
5323,0.30263157890000003
2457,0.05
1969,0.04210526316
8648,1.647368421
2370,0.7421052631999999
8442,0.23157894739999998
4010,0.2815789474
8083,0.05526315789
3049,2.121052632
215,0.05
1642.0,0.07105263158
642.0,2.126315789
564,0.1289473684
2469.0,1.5710526319999998
4443,0.6842105262999999
1842.0,0.6631578947
1897,0.1789473684
2206,0.057894736839999995
2532,0.052631578949999994
777.0,0.9210526316
8202,0.047368421050000005
1723,0.07105263158
8104,0.04473684211
136,0.026315789469999996
2309,0.1815789474
859.0,0.08421052632
138,0.03947368421
9972,0.01052631579
2827,1.492105263
147.0,0.1473684211
662.0,0.03157894737
1547,0.7105263158
2170,0.4578947368
2997,2.765789474
2548.0,0.10526315789999999
897,0.03684210526
6431,0.01842105263
336,0.8421052631999999
2491.0,0.2078947368
1854.0,1.368421053
231.0,0.02105263158
2580,0.013157894740000002
4380,1.478947368
4534,0.028947368419999998
3393,0.3578947368
721,0.11578947369999999
4674,0.75
718,0.1631578947
6684,0.3
2644.0,0.2736842105
4688,2.252631579
1903,3.7490930560000004
218.0,0.03157894737
3120,0.18421052629999998
355,0.10526315789999999
3837,0.11842105259999999
2465.0,0.26052631579999996
1021,1.665789474
10019,0.06052631579
4586,0.5473684211
2546.0,0.3842105263
1575,1.205263158
4558,0.06578947368
14.0,0.3
5705,0.1552631579
1288,0.06052631579
4045,3.0552631580000003
2458,0.03157894737
3767,4.8947368419999995
3560,3.357894737
2438,0.2842105263
1377,0.5210526315999999
3455,1.1526315790000001
2095,0.18421052629999998
2552.0,0.05
4597,0.08421052632
947.0,0.28684210530000004
1951,0.5263157895
5381,0.05526315789
3846,2.631578947
4280,0.01842105263
2807,0.03684210526
4518,0.5263157895
2726,0.06842105262999999
10076,0.3263157895
1240,0.07894736842
2990,0.4526315789
3121,0.18421052629999998
2414,1.9815789469999998
2151.0,0.03157894737
2324,0.6868421053
54,0.2921052632
3561,1.210526316
2742,0.047368421050000005
10074,0.1368421053
1581,0.1657894737
3800,1.931578947
2390.0,3.157894737
6827,3.157894737
1791,0.37894736840000004
1050.0,1.573684211
1223,1.052631579
4675,0.1789473684
3653,0.42631578950000004
1656,0.9657894737
10091,0.04210526316
5081,0.2421052632
1757,0.6368421053
2310,0.4368421053
976.0,0.8368421053
3171,0.4736842105
4294,2.8
8191,0.03157894737
3360,1.181578947
8465,0.03421052632
620,0.03421052632
1287,0.11842105259999999
2374.0,0.057894736839999995
2411.0,0.5736842105
1434,0.08157894737
565,0.04210526316
4346,0.06052631579
1908.0,0.03421052632
3195,0.1289473684
3343,1.489473684
1404,0.04210526316
1292.0,0.04473684211
2582,0.02105263158
1461.0,0.07368421052999999
1960,0.047368421050000005
5587,0.03947368421
6618,0.1078947368
4331,0.2289473684
8362,0.2763157895
1177.0,1.142105263
2210,0.028947368419999998
786.0,0.13421052630000002
3515,1.063157895
1904,0.2578947368
1168,0.08947368421
9962,1.068421053
4390,0.028947368419999998
2797.0,0.07631578947
6332,0.05526315789
643.0,2.947368421
4203,0.9447368421
2920,2.368421053
1137.0,0.1105263158
5121,0.08157894737
4554,0.3421052632
2403,0.06052631579
602,0.19210526320000001
603,0.45
7067,0.09210526315999999
1601,0.65
119,0.06315789474
3660,0.057894736839999995
466,3.639473684
3025,0.3105263158
2007,0.3473684211
3245,0.2078947368
266.0,0.9421052631999999
406.0,0.1526315789
260,0.01578947368
9965,1.802631579
4362,3.376315789
1219.0,0.05
2537,0.8421052631999999
3514,0.5315789474
1507,1.394736842
4613,0.04473684211
9146,0.45
4254,1.410526316
1058.0,0.04210526316
2905.0,0.09473684211000001
2686,0.06842105262999999
105,0.11842105259999999
3559,3.626315789
2209,0.04210526316
1248,0.08947368421
1092.0,0.07368421052999999
1101,2.845
2935.0,2.244736842
6286,2.034210526
9149,0.38157894740000003
4517,0.8710526316
10032,0.4342105263
2502,0.1368421053
1553,0.06052631579
3009,0.06052631579
2854,1.3710526319999998
2835,0.6236842105
10151,0.4368421053
2992,2.631578947
813,0.05
2569,0.08947368421
4685,1.297368421
1459,0.08157894737
3788,0.1605263158
4663,0.07368421052999999
4861,0.026315789469999996
4603,0.1394736842
2073.0,0.7289473684000001
1639,0.4526315789
315,0.2052631579
1008,0.07105263158
2433,0.05526315789
1099,0.42631578950000004
1793,0.8078947368000001
2475,0.7815789474
996.0,0.6473684211
2501,0.1789473684
1263,0.028947368419999998
2803,4.906578947
2798.0,0.2894736842
2328,0.03157894737
2596.0,0.1078947368
4011,2.894736842
1417,0.05526315789
4069,0.6052631579
5122,0.06052631579
4146,2.239473684
2312,5.639549289
7569,0.6657894737
1989.0,0.028947368419999998
196,0.07631578947
4255,0.36842105259999997
2341.0,0.8736842105
882,0.08421052632
4622,0.8289473684
3082,0.8131578947
3544,1.9815789469999998
1016,1.526315789
536,1.115789474
2572,0.6710526316
2761.0,1.915789474
1237,0.0052631578949999995
6066,0.06578947368
1225,0.1973684211
4116,0.7105263158
4604,1.373684211
2996,0.15
4194,0.47631578950000003
3396,0.026315789469999996
4536,5.1263157889999995
3662,0.01842105263
1913,0.05
4483,1.010526316
5628,0.052631578949999994
16,0.08684210526000001
1496,0.047368421050000005
2601.0,3.755263158
1633,0.08684210526000001
5808,0.2973684211
1788,0.9763157895
9216,0.047368421050000005
1114,3.505263158
994667,2.607894737
3611,1.5789473680000001
4522,4.210526316
2203.0,1.3473684209999999
2260,4.642105263
2202.0,0.023684210530000003
2163,1.115789474
4123,3.973684211
691,0.8157894737000001
2916,0.1
989.0,0.09210526315999999
2194.0,0.7421052631999999
169.0,0.013157894740000002
2250.0,5.034210526
1846,0.05
2998,0.26842105260000004
562,0.1026315789
1860.0,0.30263157890000003
217.0,0.28684210530000004
3977,0.7631578947
3907,0.6236842105
2607,0.5263157895
571,0.3473684211
8462,0.10526315789999999
2430,0.6473684211
4328,1.947368421
2915.0,0.4342105263
1373,0.07105263158
2531,0.6868421053
1964,1.8578947369999999
9073,0.026315789469999996
1635,0.05
10110,0.05
2813.0,0.42105263159999995
1676,0.24736842109999999
4682,0.4578947368
1779.0,1.573684211
4497,0.03947368421
5421,0.03421052632
1380.0,0.9184210526000001
3646,3.2736842110000004
4125,0.2157894737
3770,2.273684211
2503.0,0.9684210526
1668,0.023684210530000003
590.0,0.7105263158
5845,0.65
3863,1.023684211
4673,0.3842105263
1295,0.08684210526000001
1405,0.07105263158
1991.0,1.281578947
3339,3.6157894739999996
8189,0.03947368421
9963,0.5684210526
2265,0.5078947368
1571,0.5131578947
6848,2.407894737
1706,0.03947368421
2372,0.05
10155,1.615789474
267.0,0.08157894737
2640.0,1.560526316
165.0,0.01842105263
2427,0.05
561.0,0.08157894737
1176.0,0.4552631579
3749,0.07631578947
1181.0,0.03421052632
4636,4.318421053
232.0,0.1868421053
194,0.7210526316
2039.0,0.1026315789
2147,1.6526315790000001
2055,1.105263158
4157,0.4368421053
7249,0.026315789469999996
2492.0,0.6210526316
1072,1.263157895
6410,0.06842105262999999
1175.0,0.4
1965.0,1.155263158
1423.0,0.10526315789999999
7469,0.6131578947
2585,0.052631578949999994
164.0,0.07368421052999999
2581.0,0.7894736842
1450.0,1.010526316
9994,0.25
8082,0.47105263159999994
1243,0.01052631579
1422.0,0.11578947369999999
4054,0.5842105263
183,0.42894736840000003
1823.0,1.263157895
6333,0.03947368421
2714,0.3342105263
2358.0,0.4605263158
4652,0.1526315789
2429,0.3578947368
5545,0.47105263159999994
5565,0.41578947369999997
4341,3.065789474
1441,0.1315789474
3618,0.37105263159999996
1313.0,0.9578947368
5645,0.028947368419999998
1133.0,0.01578947368
1488.0,0.01578947368
276.0,0.04473684211
128.0,1.107894737
8422,0.05526315789
1898,2.215789474
2361,3.217368421
2335.0,0.2394736842
1075.0,0.8947368420999999
1828.0,0.03157894737
6070,0.07894736842
4439,0.1236842105
2698,1.0289473679999999
3635,0.3657894737
2938,0.3973684211
1853.0,0.1263157895
1870.0,0.2210526316
512,0.3605263158
605,0.047368421050000005
953.0,0.1368421053
1831,1.184210526
1294,0.2763157895
1690,0.09473684211000001
3506,0.7894736842
5321,0.4368421053
1186,0.5921052632
3378,0.9368421053
9964,0.1578947368
4543,1.0763157890000001
4118,1.121052632
3183,1.6105263159999998
2249,3.436842105
1893,5.143421053
