,vehicle-name,vehicle-id,start-latitude,start-longitude,end-latitude,end-longitude,start-time,end-time,capacity,speed-multiplier,cost-per-km,cost-per-hour,waiting-cost-per-hour,fixed-cost,skills,number-of-vehicles,day,yard
0,X4225,MWD-72-1_1_3,53.45417787,-113.4393666,53.45417787,-113.4393666,78,86.75,10000,1,0.001,1,0.5,100,neighbourhood,1,3,MWD
0,X4225,MWD-72-1_1_4,53.45417787,-113.4393666,53.45417787,-113.4393666,102,110.75,10000,1,0.001,1,0.5,100,neighbourhood,1,4,MWD
0,X4225,MWD-72-1_1_5,53.45417787,-113.4393666,53.45417787,-113.4393666,126,134.75,10000,1,0.001,1,0.5,100,neighbourhood,1,5,MWD
0,X4225,MWD-72-1_1_6,53.45417787,-113.4393666,53.45417787,-113.4393666,150,158.75,10000,1,0.001,1,0.5,100,neighbourhood,1,6,MWD
0,X4225,MWD-72-1_1_0,53.45417787,-113.4393666,53.45417787,-113.4393666,6,14.75,10000,1,0.001,1,0.5,100,neighbourhood,1,0,MWD
0,X4225,MWD-72-1_1_1,53.45417787,-113.4393666,53.45417787,-113.4393666,30,38.75,10000,1,0.001,1,0.5,100,roadway,1,1,MWD
0,X4225,MWD-72-1_1_2,53.45417787,-113.4393666,53.45417787,-113.4393666,54,62.75,10000,1,0.001,1,0.5,100,roadway,1,2,MWD
0,X4226,MWD-72-2_1_3,53.45417787,-113.4393666,53.45417787,-113.4393666,78,86.75,10000,1,0.001,1,0.5,100,neighbourhood,1,3,MWD
0,X4226,MWD-72-2_1_4,53.45417787,-113.4393666,53.45417787,-113.4393666,102,110.75,10000,1,0.001,1,0.5,100,neighbourhood,1,4,MWD
0,X4226,MWD-72-2_1_5,53.45417787,-113.4393666,53.45417787,-113.4393666,126,134.75,10000,1,0.001,1,0.5,100,neighbourhood,1,5,MWD
0,X4226,MWD-72-2_1_6,53.45417787,-113.4393666,53.45417787,-113.4393666,150,158.75,10000,1,0.001,1,0.5,100,neighbourhood,1,6,MWD
0,X4226,MWD-72-2_1_0,53.45417787,-113.4393666,53.45417787,-113.4393666,6,14.75,10000,1,0.001,1,0.5,100,neighbourhood,1,0,MWD
0,X4226,MWD-72-2_1_1,53.45417787,-113.4393666,53.45417787,-113.4393666,30,38.75,10000,1,0.001,1,0.5,100,roadway,1,1,MWD
0,X4226,MWD-72-2_1_2,53.45417787,-113.4393666,53.45417787,-113.4393666,54,62.75,10000,1,0.001,1,0.5,100,roadway,1,2,MWD
0,X4236,MWD-72-3_1_3,53.45417787,-113.4393666,53.45417787,-113.4393666,78,86.75,10000,1,0.001,1,0.5,100,neighbourhood,1,3,MWD
0,X4236,MWD-72-3_1_4,53.45417787,-113.4393666,53.45417787,-113.4393666,102,110.75,10000,1,0.001,1,0.5,100,neighbourhood,1,4,MWD
0,X4236,MWD-72-3_1_5,53.45417787,-113.4393666,53.45417787,-113.4393666,126,134.75,10000,1,0.001,1,0.5,100,neighbourhood,1,5,MWD
0,X4236,MWD-72-3_1_6,53.45417787,-113.4393666,53.45417787,-113.4393666,150,158.75,10000,1,0.001,1,0.5,100,neighbourhood,1,6,MWD
0,X4236,MWD-72-3_1_0,53.45417787,-113.4393666,53.45417787,-113.4393666,6,14.75,10000,1,0.001,1,0.5,100,neighbourhood,1,0,MWD
0,X4236,MWD-72-3_1_1,53.45417787,-113.4393666,53.45417787,-113.4393666,30,38.75,10000,1,0.001,1,0.5,100,roadway,1,1,MWD
0,X4236,MWD-72-3_1_2,53.45417787,-113.4393666,53.45417787,-113.4393666,54,62.75,10000,1,0.001,1,0.5,100,roadway,1,2,MWD
0,X4237,MWD-72-4_1_3,53.45417787,-113.4393666,53.45417787,-113.4393666,78,86.75,10000,1,0.001,1,0.5,100,neighbourhood,1,3,MWD
0,X4237,MWD-72-4_1_4,53.45417787,-113.4393666,53.45417787,-113.4393666,102,110.75,10000,1,0.001,1,0.5,100,neighbourhood,1,4,MWD
0,X4237,MWD-72-4_1_5,53.45417787,-113.4393666,53.45417787,-113.4393666,126,134.75,10000,1,0.001,1,0.5,100,neighbourhood,1,5,MWD
0,X4237,MWD-72-4_1_6,53.45417787,-113.4393666,53.45417787,-113.4393666,150,158.75,10000,1,0.001,1,0.5,100,neighbourhood,1,6,MWD
0,X4237,MWD-72-4_1_0,53.45417787,-113.4393666,53.45417787,-113.4393666,6,14.75,10000,1,0.001,1,0.5,100,neighbourhood,1,0,MWD
0,X4237,MWD-72-4_1_1,53.45417787,-113.4393666,53.45417787,-113.4393666,30,38.75,10000,1,0.001,1,0.5,100,roadway,1,1,MWD
0,X4237,MWD-72-4_1_2,53.45417787,-113.4393666,53.45417787,-113.4393666,54,62.75,10000,1,0.001,1,0.5,100,roadway,1,2,MWD
0,X4238,MWD-72-5_1_3,53.45417787,-113.4393666,53.45417787,-113.4393666,78,86.75,10000,1,0.001,1,0.5,100,neighbourhood,1,3,MWD
0,X4238,MWD-72-5_1_4,53.45417787,-113.4393666,53.45417787,-113.4393666,102,110.75,10000,1,0.001,1,0.5,100,neighbourhood,1,4,MWD
0,X4238,MWD-72-5_1_5,53.45417787,-113.4393666,53.45417787,-113.4393666,126,134.75,10000,1,0.001,1,0.5,100,neighbourhood,1,5,MWD
0,X4238,MWD-72-5_1_6,53.45417787,-113.4393666,53.45417787,-113.4393666,150,158.75,10000,1,0.001,1,0.5,100,neighbourhood,1,6,MWD
0,X4238,MWD-72-5_1_0,53.45417787,-113.4393666,53.45417787,-113.4393666,6,14.75,10000,1,0.001,1,0.5,100,neighbourhood,1,0,MWD
0,Y4666,MWD-72-6_1_3,53.45417787,-113.4393666,53.45417787,-113.4393666,78,86.75,10000,1,0.001,1,0.5,100,neighbourhood,1,3,MWD
0,Y4666,MWD-72-6_1_4,53.45417787,-113.4393666,53.45417787,-113.4393666,102,110.75,10000,1,0.001,1,0.5,100,neighbourhood,1,4,MWD
0,Y4666,MWD-72-6_1_5,53.45417787,-113.4393666,53.45417787,-113.4393666,126,134.75,10000,1,0.001,1,0.5,100,neighbourhood,1,5,MWD
0,Y4666,MWD-72-6_1_6,53.45417787,-113.4393666,53.45417787,-113.4393666,150,158.75,10000,1,0.001,1,0.5,100,neighbourhood,1,6,MWD
0,Y4666,MWD-72-6_1_0,53.45417787,-113.4393666,53.45417787,-113.4393666,6,14.75,10000,1,0.001,1,0.5,100,neighbourhood,1,0,MWD
0,Y4676,MWD-72-7_1_3,53.45417787,-113.4393666,53.45417787,-113.4393666,78,86.75,10000,1,0.001,1,0.5,100,neighbourhood,1,3,MWD
0,Y4676,MWD-72-7_1_4,53.45417787,-113.4393666,53.45417787,-113.4393666,102,110.75,10000,1,0.001,1,0.5,100,neighbourhood,1,4,MWD
0,Y4676,MWD-72-7_1_5,53.45417787,-113.4393666,53.45417787,-113.4393666,126,134.75,10000,1,0.001,1,0.5,100,neighbourhood,1,5,MWD
0,Y4676,MWD-72-7_1_6,53.45417787,-113.4393666,53.45417787,-113.4393666,150,158.75,10000,1,0.001,1,0.5,100,neighbourhood,1,6,MWD
0,Y4676,MWD-72-7_1_0,53.45417787,-113.4393666,53.45417787,-113.4393666,6,14.75,10000,1,0.001,1,0.5,100,neighbourhood,1,0,MWD
0,Y4677,MWD-72-8_1_3,53.45417787,-113.4393666,53.45417787,-113.4393666,78,86.75,10000,1,0.001,1,0.5,100,neighbourhood,1,3,MWD
0,Y4677,MWD-72-8_1_4,53.45417787,-113.4393666,53.45417787,-113.4393666,102,110.75,10000,1,0.001,1,0.5,100,neighbourhood,1,4,MWD
0,Y4677,MWD-72-8_1_5,53.45417787,-113.4393666,53.45417787,-113.4393666,126,134.75,10000,1,0.001,1,0.5,100,neighbourhood,1,5,MWD
0,Y4677,MWD-72-8_1_6,53.45417787,-113.4393666,53.45417787,-113.4393666,150,158.75,10000,1,0.001,1,0.5,100,neighbourhood,1,6,MWD
0,Y4677,MWD-72-8_1_0,53.45417787,-113.4393666,53.45417787,-113.4393666,6,14.75,10000,1,0.001,1,0.5,100,roadway,1,0,MWD
0,W7459,GBY-72-1_1_3,53.55975148,-113.414852,53.55975148,-113.414852,78,86.75,10000,1,0.001,1,0.5,100,neighbourhood,1,3,GBY
0,W7459,GBY-72-1_1_4,53.55975148,-113.414852,53.55975148,-113.414852,102,110.75,10000,1,0.001,1,0.5,100,neighbourhood,1,4,GBY
0,W7459,GBY-72-1_1_5,53.55975148,-113.414852,53.55975148,-113.414852,126,134.75,10000,1,0.001,1,0.5,100,neighbourhood,1,5,GBY
0,W7459,GBY-72-1_1_6,53.55975148,-113.414852,53.55975148,-113.414852,150,158.75,10000,1,0.001,1,0.5,100,neighbourhood,1,6,GBY
0,Y4666,GBY-72-2_1_3,53.55975148,-113.414852,53.55975148,-113.414852,78,86.75,10000,1,0.001,1,0.5,100,neighbourhood,1,3,GBY
0,Y4666,GBY-72-2_1_4,53.55975148,-113.414852,53.55975148,-113.414852,102,110.75,10000,1,0.001,1,0.5,100,neighbourhood,1,4,GBY
0,Y4666,GBY-72-2_1_5,53.55975148,-113.414852,53.55975148,-113.414852,126,134.75,10000,1,0.001,1,0.5,100,neighbourhood,1,5,GBY
0,Y4666,GBY-72-2_1_6,53.55975148,-113.414852,53.55975148,-113.414852,150,158.75,10000,1,0.001,1,0.5,100,neighbourhood,1,6,GBY
0,Y4667,GBY-72-3_1_3,53.55975148,-113.414852,53.55975148,-113.414852,78,86.75,10000,1,0.001,1,0.5,100,neighbourhood,1,3,GBY
0,Y4667,GBY-72-3_1_4,53.55975148,-113.414852,53.55975148,-113.414852,102,110.75,10000,1,0.001,1,0.5,100,neighbourhood,1,4,GBY
0,Y4667,GBY-72-3_1_5,53.55975148,-113.414852,53.55975148,-113.414852,126,134.75,10000,1,0.001,1,0.5,100,neighbourhood,1,5,GBY
0,Y4667,GBY-72-3_1_6,53.55975148,-113.414852,53.55975148,-113.414852,150,158.75,10000,1,0.001,1,0.5,100,neighbourhood,1,6,GBY
0,Y4668,GBY-72-4_1_3,53.55975148,-113.414852,53.55975148,-113.414852,78,86.75,10000,1,0.001,1,0.5,100,neighbourhood,1,3,GBY
0,Y4668,GBY-72-4_1_4,53.55975148,-113.414852,53.55975148,-113.414852,102,110.75,10000,1,0.001,1,0.5,100,neighbourhood,1,4,GBY
0,Y4668,GBY-72-4_1_5,53.55975148,-113.414852,53.55975148,-113.414852,126,134.75,10000,1,0.001,1,0.5,100,roadway,1,5,GBY
0,Y4668,GBY-72-4_1_6,53.55975148,-113.414852,53.55975148,-113.414852,150,158.75,10000,1,0.001,1,0.5,100,neighbourhood,1,6,GBY
0,Y4671,GBY-72-5_1_3,53.55975148,-113.414852,53.55975148,-113.414852,78,86.75,10000,1,0.001,1,0.5,100,roadway,1,3,GBY
0,Y4671,GBY-72-5_1_4,53.55975148,-113.414852,53.55975148,-113.414852,102,110.75,10000,1,0.001,1,0.5,100,neighbourhood,1,4,GBY
0,Y4671,GBY-72-5_1_5,53.55975148,-113.414852,53.55975148,-113.414852,126,134.75,10000,1,0.001,1,0.5,100,neighbourhood,1,5,GBY
0,Y4671,GBY-72-5_1_6,53.55975148,-113.414852,53.55975148,-113.414852,150,158.75,10000,1,0.001,1,0.5,100,neighbourhood,1,6,GBY
0,W7456,DON-72-1_1_3,53.515626,-113.4680529,53.515626,-113.4680529,78,86.75,10000,1,0.001,1,0.5,100,neighbourhood,1,3,DON
0,W7456,DON-72-1_1_4,53.515626,-113.4680529,53.515626,-113.4680529,102,110.75,10000,1,0.001,1,0.5,100,neighbourhood,1,4,DON
0,W7456,DON-72-1_1_5,53.515626,-113.4680529,53.515626,-113.4680529,126,134.75,10000,1,0.001,1,0.5,100,neighbourhood,1,5,DON
0,W7456,DON-72-1_1_6,53.515626,-113.4680529,53.515626,-113.4680529,150,158.75,10000,1,0.001,1,0.5,100,neighbourhood,1,6,DON
0,Y4672,DON-72-2_1_3,53.515626,-113.4680529,53.515626,-113.4680529,78,86.75,10000,1,0.001,1,0.5,100,roadway,1,3,DON
0,Y4672,DON-72-2_1_4,53.515626,-113.4680529,53.515626,-113.4680529,102,110.75,10000,1,0.001,1,0.5,100,neighbourhood,1,4,DON
0,Y4672,DON-72-2_1_5,53.515626,-113.4680529,53.515626,-113.4680529,126,134.75,10000,1,0.001,1,0.5,100,neighbourhood,1,5,DON
0,Y4672,DON-72-2_1_6,53.515626,-113.4680529,53.515626,-113.4680529,150,158.75,10000,1,0.001,1,0.5,100,neighbourhood,1,6,DON
0,W7458,RBV-72-1_1_0,53.48534225,-113.5574225,53.48534225,-113.5574225,6,14.75,10000,1,0.001,1,0.5,100,neighbourhood,1,0,RBV
0,W7458,RBV-72-1_1_1,53.48534225,-113.5574225,53.48534225,-113.5574225,30,38.75,10000,1,0.001,1,0.5,100,roadway,1,1,RBV
0,W7458,RBV-72-1_1_2,53.48534225,-113.5574225,53.48534225,-113.5574225,54,62.75,10000,1,0.001,1,0.5,100,roadway,1,2,RBV
0,W7458,RBV-72-1_1_3,53.48534225,-113.5574225,53.48534225,-113.5574225,78,86.75,10000,1,0.001,1,0.5,100,roadway,1,3,RBV
0,W7460,RBV-72-2_1_0,53.48534225,-113.5574225,53.48534225,-113.5574225,6,14.75,10000,1,0.001,1,0.5,100,neighbourhood,1,0,RBV
0,W7460,RBV-72-2_1_1,53.48534225,-113.5574225,53.48534225,-113.5574225,30,38.75,10000,1,0.001,1,0.5,100,roadway,1,1,RBV
0,W7460,RBV-72-2_1_2,53.48534225,-113.5574225,53.48534225,-113.5574225,54,62.75,10000,1,0.001,1,0.5,100,roadway,1,2,RBV
0,W7460,RBV-72-2_1_3,53.48534225,-113.5574225,53.48534225,-113.5574225,78,86.75,10000,1,0.001,1,0.5,100,roadway,1,3,RBV
0,W7461,RBV-72-3_1_0,53.48534225,-113.5574225,53.48534225,-113.5574225,6,14.75,10000,1,0.001,1,0.5,100,neighbourhood,1,0,RBV
0,W7461,RBV-72-3_1_1,53.48534225,-113.5574225,53.48534225,-113.5574225,30,38.75,10000,1,0.001,1,0.5,100,neighbourhood,1,1,RBV
0,W7461,RBV-72-3_1_2,53.48534225,-113.5574225,53.48534225,-113.5574225,54,62.75,10000,1,0.001,1,0.5,100,roadway,1,2,RBV
0,W7461,RBV-72-3_1_3,53.48534225,-113.5574225,53.48534225,-113.5574225,78,86.75,10000,1,0.001,1,0.5,100,roadway,1,3,RBV
0,V4438,RBV-72-4_1_3,53.48534225,-113.5574225,53.48534225,-113.5574225,78,86.75,10000,1,0.001,1,0.5,100,roadway,1,3,RBV
0,V4438,RBV-72-4_1_4,53.48534225,-113.5574225,53.48534225,-113.5574225,102,110.75,10000,1,0.001,1,0.5,100,neighbourhood,1,4,RBV
0,V4438,RBV-72-4_1_5,53.48534225,-113.5574225,53.48534225,-113.5574225,126,134.75,10000,1,0.001,1,0.5,100,neighbourhood,1,5,RBV
0,V4438,RBV-72-4_1_6,53.48534225,-113.5574225,53.48534225,-113.5574225,150,158.75,10000,1,0.001,1,0.5,100,neighbourhood,1,6,RBV
0,V4443,RBV-72-5_1_3,53.48534225,-113.5574225,53.48534225,-113.5574225,78,86.75,10000,1,0.001,1,0.5,100,roadway,1,3,RBV
0,V4443,RBV-72-5_1_4,53.48534225,-113.5574225,53.48534225,-113.5574225,102,110.75,10000,1,0.001,1,0.5,100,neighbourhood,1,4,RBV
0,V4443,RBV-72-5_1_5,53.48534225,-113.5574225,53.48534225,-113.5574225,126,134.75,10000,1,0.001,1,0.5,100,neighbourhood,1,5,RBV
0,V4443,RBV-72-5_1_6,53.48534225,-113.5574225,53.48534225,-113.5574225,150,158.75,10000,1,0.001,1,0.5,100,neighbourhood,1,6,RBV
0,V4444,RBV-72-6_1_3,53.48534225,-113.5574225,53.48534225,-113.5574225,78,86.75,10000,1,0.001,1,0.5,100,roadway,1,3,RBV
0,V4444,RBV-72-6_1_4,53.48534225,-113.5574225,53.48534225,-113.5574225,102,110.75,10000,1,0.001,1,0.5,100,neighbourhood,1,4,RBV
0,V4444,RBV-72-6_1_5,53.48534225,-113.5574225,53.48534225,-113.5574225,126,134.75,10000,1,0.001,1,0.5,100,neighbourhood,1,5,RBV
0,V4444,RBV-72-6_1_6,53.48534225,-113.5574225,53.48534225,-113.5574225,150,158.75,10000,1,0.001,1,0.5,100,neighbourhood,1,6,RBV
0,V4483,RBV-72-7_1_3,53.48534225,-113.5574225,53.48534225,-113.5574225,78,86.75,10000,1,0.001,1,0.5,100,roadway,1,3,RBV
0,V4483,RBV-72-7_1_4,53.48534225,-113.5574225,53.48534225,-113.5574225,102,110.75,10000,1,0.001,1,0.5,100,neighbourhood,1,4,RBV
0,V4483,RBV-72-7_1_5,53.48534225,-113.5574225,53.48534225,-113.5574225,126,134.75,10000,1,0.001,1,0.5,100,neighbourhood,1,5,RBV
0,V4483,RBV-72-7_1_6,53.48534225,-113.5574225,53.48534225,-113.5574225,150,158.75,10000,1,0.001,1,0.5,100,neighbourhood,1,6,RBV
0,T4076,RBV-72-8_1_0,53.48534225,-113.5574225,53.48534225,-113.5574225,6,14.75,10000,1,0.001,1,0.5,100,neighbourhood,1,0,RBV
0,T4076,RBV-72-8_1_1,53.48534225,-113.5574225,53.48534225,-113.5574225,30,38.75,10000,1,0.001,1,0.5,100,neighbourhood,1,1,RBV
0,T4076,RBV-72-8_1_2,53.48534225,-113.5574225,53.48534225,-113.5574225,54,62.75,10000,1,0.001,1,0.5,100,roadway,1,2,RBV
0,T4076,RBV-72-8_1_3,53.48534225,-113.5574225,53.48534225,-113.5574225,78,86.75,10000,1,0.001,1,0.5,100,roadway,1,3,RBV
0,X4221,OKY-72-1_1_4,53.52408381,-113.5029577,53.52408381,-113.5029577,102,110.75,10000,1,0.001,1,0.5,100,neighbourhood,1,4,OKY
0,X4221,OKY-72-1_1_5,53.52408381,-113.5029577,53.52408381,-113.5029577,126,134.75,10000,1,0.001,1,0.5,100,roadway,1,5,OKY
0,X4221,OKY-72-1_1_6,53.52408381,-113.5029577,53.52408381,-113.5029577,150,158.75,10000,1,0.001,1,0.5,100,neighbourhood,1,6,OKY
0,X4221,OKY-72-1_1_0,53.52408381,-113.5029577,53.52408381,-113.5029577,6,14.75,10000,1,0.001,1,0.5,100,neighbourhood,1,0,OKY
0,X4222,OKY-72-2_1_4,53.52408381,-113.5029577,53.52408381,-113.5029577,102,110.75,10000,1,0.001,1,0.5,100,neighbourhood,1,4,OKY
0,X4222,OKY-72-2_1_5,53.52408381,-113.5029577,53.52408381,-113.5029577,126,134.75,10000,1,0.001,1,0.5,100,neighbourhood,1,5,OKY
0,X4222,OKY-72-2_1_6,53.52408381,-113.5029577,53.52408381,-113.5029577,150,158.75,10000,1,0.001,1,0.5,100,neighbourhood,1,6,OKY
0,X4222,OKY-72-2_1_0,53.52408381,-113.5029577,53.52408381,-113.5029577,6,14.75,10000,1,0.001,1,0.5,100,neighbourhood,1,0,OKY
0,X4223,OKY-72-3_1_4,53.52408381,-113.5029577,53.52408381,-113.5029577,102,110.75,10000,1,0.001,1,0.5,100,neighbourhood,1,4,OKY
0,X4223,OKY-72-3_1_5,53.52408381,-113.5029577,53.52408381,-113.5029577,126,134.75,10000,1,0.001,1,0.5,100,neighbourhood,1,5,OKY
0,X4223,OKY-72-3_1_6,53.52408381,-113.5029577,53.52408381,-113.5029577,150,158.75,10000,1,0.001,1,0.5,100,neighbourhood,1,6,OKY
0,X4223,OKY-72-3_1_0,53.52408381,-113.5029577,53.52408381,-113.5029577,6,14.75,10000,1,0.001,1,0.5,100,neighbourhood,1,0,OKY
0,X4224,OKY-72-4_1_4,53.52408381,-113.5029577,53.52408381,-113.5029577,102,110.75,10000,1,0.001,1,0.5,100,neighbourhood,1,4,OKY
0,X4224,OKY-72-4_1_5,53.52408381,-113.5029577,53.52408381,-113.5029577,126,134.75,10000,1,0.001,1,0.5,100,neighbourhood,1,5,OKY
0,X4224,OKY-72-4_1_6,53.52408381,-113.5029577,53.52408381,-113.5029577,150,158.75,10000,1,0.001,1,0.5,100,neighbourhood,1,6,OKY
0,X4224,OKY-72-4_1_0,53.52408381,-113.5029577,53.52408381,-113.5029577,6,14.75,10000,1,0.001,1,0.5,100,neighbourhood,1,0,OKY
0,Y4664,ASY-72-1_1_3,53.42626956,-113.5713273,53.42626956,-113.5713273,78,86.75,10000,1,0.001,1,0.5,100,roadway,1,3,ASY
0,Y4664,ASY-72-1_1_4,53.42626956,-113.5713273,53.42626956,-113.5713273,102,110.75,10000,1,0.001,1,0.5,100,neighbourhood,1,4,ASY
0,Y4664,ASY-72-1_1_5,53.42626956,-113.5713273,53.42626956,-113.5713273,126,134.75,10000,1,0.001,1,0.5,100,neighbourhood,1,5,ASY
0,Y4664,ASY-72-1_1_6,53.42626956,-113.5713273,53.42626956,-113.5713273,150,158.75,10000,1,0.001,1,0.5,100,neighbourhood,1,6,ASY
0,Y4665,ASY-72-2_1_3,53.42626956,-113.5713273,53.42626956,-113.5713273,78,86.75,10000,1,0.001,1,0.5,100,roadway,1,3,ASY
0,Y4665,ASY-72-2_1_4,53.42626956,-113.5713273,53.42626956,-113.5713273,102,110.75,10000,1,0.001,1,0.5,100,neighbourhood,1,4,ASY
0,Y4665,ASY-72-2_1_5,53.42626956,-113.5713273,53.42626956,-113.5713273,126,134.75,10000,1,0.001,1,0.5,100,neighbourhood,1,5,ASY
0,Y4665,ASY-72-2_1_6,53.42626956,-113.5713273,53.42626956,-113.5713273,150,158.75,10000,1,0.001,1,0.5,100,neighbourhood,1,6,ASY
0,Y4669,ASY-72-3_1_3,53.42626956,-113.5713273,53.42626956,-113.5713273,78,86.75,10000,1,0.001,1,0.5,100,roadway,1,3,ASY
0,Y4669,ASY-72-3_1_4,53.42626956,-113.5713273,53.42626956,-113.5713273,102,110.75,10000,1,0.001,1,0.5,100,neighbourhood,1,4,ASY
0,Y4669,ASY-72-3_1_5,53.42626956,-113.5713273,53.42626956,-113.5713273,126,134.75,10000,1,0.001,1,0.5,100,neighbourhood,1,5,ASY
0,Y4669,ASY-72-3_1_6,53.42626956,-113.5713273,53.42626956,-113.5713273,150,158.75,10000,1,0.001,1,0.5,100,neighbourhood,1,6,ASY
0,Y4670,ASY-72-4_1_3,53.42626956,-113.5713273,53.42626956,-113.5713273,78,86.75,10000,1,0.001,1,0.5,100,roadway,1,3,ASY
0,Y4670,ASY-72-4_1_4,53.42626956,-113.5713273,53.42626956,-113.5713273,102,110.75,10000,1,0.001,1,0.5,100,neighbourhood,1,4,ASY
0,Y4670,ASY-72-4_1_5,53.42626956,-113.5713273,53.42626956,-113.5713273,126,134.75,10000,1,0.001,1,0.5,100,neighbourhood,1,5,ASY
0,Y4670,ASY-72-4_1_6,53.42626956,-113.5713273,53.42626956,-113.5713273,150,158.75,10000,1,0.001,1,0.5,100,neighbourhood,1,6,ASY
0,X4225,MWD-72-1_2_3,53.45417787,-113.4393666,53.45417787,-113.4393666,246,254.75,10000,1,0.001,1,0.5,100,neighbourhood,1,10,MWD
0,X4225,MWD-72-1_2_4,53.45417787,-113.4393666,53.45417787,-113.4393666,270,278.75,10000,1,0.001,1,0.5,100,neighbourhood,1,11,MWD
0,X4225,MWD-72-1_2_5,53.45417787,-113.4393666,53.45417787,-113.4393666,294,302.75,10000,1,0.001,1,0.5,100,roadway,1,12,MWD
0,X4225,MWD-72-1_2_6,53.45417787,-113.4393666,53.45417787,-113.4393666,318,326.75,10000,1,0.001,1,0.5,100,neighbourhood,1,13,MWD
0,X4225,MWD-72-1_2_0,53.45417787,-113.4393666,53.45417787,-113.4393666,174,182.75,10000,1,0.001,1,0.5,100,neighbourhood,1,7,MWD
0,X4225,MWD-72-1_2_1,53.45417787,-113.4393666,53.45417787,-113.4393666,198,206.75,10000,1,0.001,1,0.5,100,roadway,1,8,MWD
0,X4225,MWD-72-1_2_2,53.45417787,-113.4393666,53.45417787,-113.4393666,222,230.75,10000,1,0.001,1,0.5,100,roadway,1,9,MWD
0,X4226,MWD-72-2_2_3,53.45417787,-113.4393666,53.45417787,-113.4393666,246,254.75,10000,1,0.001,1,0.5,100,neighbourhood,1,10,MWD
0,X4226,MWD-72-2_2_4,53.45417787,-113.4393666,53.45417787,-113.4393666,270,278.75,10000,1,0.001,1,0.5,100,neighbourhood,1,11,MWD
0,X4226,MWD-72-2_2_5,53.45417787,-113.4393666,53.45417787,-113.4393666,294,302.75,10000,1,0.001,1,0.5,100,neighbourhood,1,12,MWD
0,X4226,MWD-72-2_2_6,53.45417787,-113.4393666,53.45417787,-113.4393666,318,326.75,10000,1,0.001,1,0.5,100,neighbourhood,1,13,MWD
0,X4226,MWD-72-2_2_0,53.45417787,-113.4393666,53.45417787,-113.4393666,174,182.75,10000,1,0.001,1,0.5,100,neighbourhood,1,7,MWD
0,X4226,MWD-72-2_2_1,53.45417787,-113.4393666,53.45417787,-113.4393666,198,206.75,10000,1,0.001,1,0.5,100,roadway,1,8,MWD
0,X4226,MWD-72-2_2_2,53.45417787,-113.4393666,53.45417787,-113.4393666,222,230.75,10000,1,0.001,1,0.5,100,roadway,1,9,MWD
0,X4236,MWD-72-3_2_3,53.45417787,-113.4393666,53.45417787,-113.4393666,246,254.75,10000,1,0.001,1,0.5,100,neighbourhood,1,10,MWD
0,X4236,MWD-72-3_2_4,53.45417787,-113.4393666,53.45417787,-113.4393666,270,278.75,10000,1,0.001,1,0.5,100,neighbourhood,1,11,MWD
0,X4236,MWD-72-3_2_5,53.45417787,-113.4393666,53.45417787,-113.4393666,294,302.75,10000,1,0.001,1,0.5,100,neighbourhood,1,12,MWD
0,X4236,MWD-72-3_2_6,53.45417787,-113.4393666,53.45417787,-113.4393666,318,326.75,10000,1,0.001,1,0.5,100,neighbourhood,1,13,MWD
0,X4236,MWD-72-3_2_0,53.45417787,-113.4393666,53.45417787,-113.4393666,174,182.75,10000,1,0.001,1,0.5,100,neighbourhood,1,7,MWD
0,X4236,MWD-72-3_2_1,53.45417787,-113.4393666,53.45417787,-113.4393666,198,206.75,10000,1,0.001,1,0.5,100,roadway,1,8,MWD
0,X4236,MWD-72-3_2_2,53.45417787,-113.4393666,53.45417787,-113.4393666,222,230.75,10000,1,0.001,1,0.5,100,roadway,1,9,MWD
0,X4237,MWD-72-4_2_3,53.45417787,-113.4393666,53.45417787,-113.4393666,246,254.75,10000,1,0.001,1,0.5,100,neighbourhood,1,10,MWD
0,X4237,MWD-72-4_2_4,53.45417787,-113.4393666,53.45417787,-113.4393666,270,278.75,10000,1,0.001,1,0.5,100,neighbourhood,1,11,MWD
0,X4237,MWD-72-4_2_5,53.45417787,-113.4393666,53.45417787,-113.4393666,294,302.75,10000,1,0.001,1,0.5,100,neighbourhood,1,12,MWD
0,X4237,MWD-72-4_2_6,53.45417787,-113.4393666,53.45417787,-113.4393666,318,326.75,10000,1,0.001,1,0.5,100,neighbourhood,1,13,MWD
0,X4237,MWD-72-4_2_0,53.45417787,-113.4393666,53.45417787,-113.4393666,174,182.75,10000,1,0.001,1,0.5,100,neighbourhood,1,7,MWD
0,X4237,MWD-72-4_2_1,53.45417787,-113.4393666,53.45417787,-113.4393666,198,206.75,10000,1,0.001,1,0.5,100,roadway,1,8,MWD
0,X4237,MWD-72-4_2_2,53.45417787,-113.4393666,53.45417787,-113.4393666,222,230.75,10000,1,0.001,1,0.5,100,roadway,1,9,MWD
0,X4238,MWD-72-5_2_3,53.45417787,-113.4393666,53.45417787,-113.4393666,246,254.75,10000,1,0.001,1,0.5,100,neighbourhood,1,10,MWD
0,X4238,MWD-72-5_2_4,53.45417787,-113.4393666,53.45417787,-113.4393666,270,278.75,10000,1,0.001,1,0.5,100,neighbourhood,1,11,MWD
0,X4238,MWD-72-5_2_5,53.45417787,-113.4393666,53.45417787,-113.4393666,294,302.75,10000,1,0.001,1,0.5,100,roadway,1,12,MWD
0,X4238,MWD-72-5_2_6,53.45417787,-113.4393666,53.45417787,-113.4393666,318,326.75,10000,1,0.001,1,0.5,100,neighbourhood,1,13,MWD
0,X4238,MWD-72-5_2_0,53.45417787,-113.4393666,53.45417787,-113.4393666,174,182.75,10000,1,0.001,1,0.5,100,neighbourhood,1,7,MWD
0,Y4666,MWD-72-6_2_3,53.45417787,-113.4393666,53.45417787,-113.4393666,246,254.75,10000,1,0.001,1,0.5,100,neighbourhood,1,10,MWD
0,Y4666,MWD-72-6_2_4,53.45417787,-113.4393666,53.45417787,-113.4393666,270,278.75,10000,1,0.001,1,0.5,100,neighbourhood,1,11,MWD
0,Y4666,MWD-72-6_2_5,53.45417787,-113.4393666,53.45417787,-113.4393666,294,302.75,10000,1,0.001,1,0.5,100,neighbourhood,1,12,MWD
0,Y4666,MWD-72-6_2_6,53.45417787,-113.4393666,53.45417787,-113.4393666,318,326.75,10000,1,0.001,1,0.5,100,neighbourhood,1,13,MWD
0,Y4666,MWD-72-6_2_0,53.45417787,-113.4393666,53.45417787,-113.4393666,174,182.75,10000,1,0.001,1,0.5,100,neighbourhood,1,7,MWD
0,Y4676,MWD-72-7_2_3,53.45417787,-113.4393666,53.45417787,-113.4393666,246,254.75,10000,1,0.001,1,0.5,100,neighbourhood,1,10,MWD
0,Y4676,MWD-72-7_2_4,53.45417787,-113.4393666,53.45417787,-113.4393666,270,278.75,10000,1,0.001,1,0.5,100,neighbourhood,1,11,MWD
0,Y4676,MWD-72-7_2_5,53.45417787,-113.4393666,53.45417787,-113.4393666,294,302.75,10000,1,0.001,1,0.5,100,neighbourhood,1,12,MWD
0,Y4676,MWD-72-7_2_6,53.45417787,-113.4393666,53.45417787,-113.4393666,318,326.75,10000,1,0.001,1,0.5,100,neighbourhood,1,13,MWD
0,Y4676,MWD-72-7_2_0,53.45417787,-113.4393666,53.45417787,-113.4393666,174,182.75,10000,1,0.001,1,0.5,100,neighbourhood,1,7,MWD
0,Y4677,MWD-72-8_2_3,53.45417787,-113.4393666,53.45417787,-113.4393666,246,254.75,10000,1,0.001,1,0.5,100,neighbourhood,1,10,MWD
0,Y4677,MWD-72-8_2_4,53.45417787,-113.4393666,53.45417787,-113.4393666,270,278.75,10000,1,0.001,1,0.5,100,neighbourhood,1,11,MWD
0,Y4677,MWD-72-8_2_5,53.45417787,-113.4393666,53.45417787,-113.4393666,294,302.75,10000,1,0.001,1,0.5,100,roadway,1,12,MWD
0,Y4677,MWD-72-8_2_6,53.45417787,-113.4393666,53.45417787,-113.4393666,318,326.75,10000,1,0.001,1,0.5,100,neighbourhood,1,13,MWD
0,Y4677,MWD-72-8_2_0,53.45417787,-113.4393666,53.45417787,-113.4393666,174,182.75,10000,1,0.001,1,0.5,100,neighbourhood,1,7,MWD
0,W7459,GBY-72-1_2_3,53.55975148,-113.414852,53.55975148,-113.414852,246,254.75,10000,1,0.001,1,0.5,100,neighbourhood,1,10,GBY
0,W7459,GBY-72-1_2_4,53.55975148,-113.414852,53.55975148,-113.414852,270,278.75,10000,1,0.001,1,0.5,100,neighbourhood,1,11,GBY
0,W7459,GBY-72-1_2_5,53.55975148,-113.414852,53.55975148,-113.414852,294,302.75,10000,1,0.001,1,0.5,100,neighbourhood,1,12,GBY
0,W7459,GBY-72-1_2_6,53.55975148,-113.414852,53.55975148,-113.414852,318,326.75,10000,1,0.001,1,0.5,100,roadway,1,13,GBY
0,Y4666,GBY-72-2_2_3,53.55975148,-113.414852,53.55975148,-113.414852,246,254.75,10000,1,0.001,1,0.5,100,neighbourhood,1,10,GBY
0,Y4666,GBY-72-2_2_4,53.55975148,-113.414852,53.55975148,-113.414852,270,278.75,10000,1,0.001,1,0.5,100,neighbourhood,1,11,GBY
0,Y4666,GBY-72-2_2_5,53.55975148,-113.414852,53.55975148,-113.414852,294,302.75,10000,1,0.001,1,0.5,100,neighbourhood,1,12,GBY
0,Y4666,GBY-72-2_2_6,53.55975148,-113.414852,53.55975148,-113.414852,318,326.75,10000,1,0.001,1,0.5,100,neighbourhood,1,13,GBY
0,Y4667,GBY-72-3_2_3,53.55975148,-113.414852,53.55975148,-113.414852,246,254.75,10000,1,0.001,1,0.5,100,neighbourhood,1,10,GBY
0,Y4667,GBY-72-3_2_4,53.55975148,-113.414852,53.55975148,-113.414852,270,278.75,10000,1,0.001,1,0.5,100,roadway,1,11,GBY
0,Y4667,GBY-72-3_2_5,53.55975148,-113.414852,53.55975148,-113.414852,294,302.75,10000,1,0.001,1,0.5,100,roadway,1,12,GBY
0,Y4667,GBY-72-3_2_6,53.55975148,-113.414852,53.55975148,-113.414852,318,326.75,10000,1,0.001,1,0.5,100,neighbourhood,1,13,GBY
0,Y4668,GBY-72-4_2_3,53.55975148,-113.414852,53.55975148,-113.414852,246,254.75,10000,1,0.001,1,0.5,100,neighbourhood,1,10,GBY
0,Y4668,GBY-72-4_2_4,53.55975148,-113.414852,53.55975148,-113.414852,270,278.75,10000,1,0.001,1,0.5,100,neighbourhood,1,11,GBY
0,Y4668,GBY-72-4_2_5,53.55975148,-113.414852,53.55975148,-113.414852,294,302.75,10000,1,0.001,1,0.5,100,neighbourhood,1,12,GBY
0,Y4668,GBY-72-4_2_6,53.55975148,-113.414852,53.55975148,-113.414852,318,326.75,10000,1,0.001,1,0.5,100,neighbourhood,1,13,GBY
0,Y4671,GBY-72-5_2_3,53.55975148,-113.414852,53.55975148,-113.414852,246,254.75,10000,1,0.001,1,0.5,100,roadway,1,10,GBY
0,Y4671,GBY-72-5_2_4,53.55975148,-113.414852,53.55975148,-113.414852,270,278.75,10000,1,0.001,1,0.5,100,neighbourhood,1,11,GBY
0,Y4671,GBY-72-5_2_5,53.55975148,-113.414852,53.55975148,-113.414852,294,302.75,10000,1,0.001,1,0.5,100,neighbourhood,1,12,GBY
0,Y4671,GBY-72-5_2_6,53.55975148,-113.414852,53.55975148,-113.414852,318,326.75,10000,1,0.001,1,0.5,100,neighbourhood,1,13,GBY
0,W7456,DON-72-1_2_3,53.515626,-113.4680529,53.515626,-113.4680529,246,254.75,10000,1,0.001,1,0.5,100,roadway,1,10,DON
0,W7456,DON-72-1_2_4,53.515626,-113.4680529,53.515626,-113.4680529,270,278.75,10000,1,0.001,1,0.5,100,neighbourhood,1,11,DON
0,W7456,DON-72-1_2_5,53.515626,-113.4680529,53.515626,-113.4680529,294,302.75,10000,1,0.001,1,0.5,100,neighbourhood,1,12,DON
0,W7456,DON-72-1_2_6,53.515626,-113.4680529,53.515626,-113.4680529,318,326.75,10000,1,0.001,1,0.5,100,neighbourhood,1,13,DON
0,Y4672,DON-72-2_2_3,53.515626,-113.4680529,53.515626,-113.4680529,246,254.75,10000,1,0.001,1,0.5,100,roadway,1,10,DON
0,Y4672,DON-72-2_2_4,53.515626,-113.4680529,53.515626,-113.4680529,270,278.75,10000,1,0.001,1,0.5,100,neighbourhood,1,11,DON
0,Y4672,DON-72-2_2_5,53.515626,-113.4680529,53.515626,-113.4680529,294,302.75,10000,1,0.001,1,0.5,100,neighbourhood,1,12,DON
0,Y4672,DON-72-2_2_6,53.515626,-113.4680529,53.515626,-113.4680529,318,326.75,10000,1,0.001,1,0.5,100,neighbourhood,1,13,DON
0,W7458,RBV-72-1_2_0,53.48534225,-113.5574225,53.48534225,-113.5574225,174,182.75,10000,1,0.001,1,0.5,100,neighbourhood,1,7,RBV
0,W7458,RBV-72-1_2_1,53.48534225,-113.5574225,53.48534225,-113.5574225,198,206.75,10000,1,0.001,1,0.5,100,neighbourhood,1,8,RBV
0,W7458,RBV-72-1_2_2,53.48534225,-113.5574225,53.48534225,-113.5574225,222,230.75,10000,1,0.001,1,0.5,100,neighbourhood,1,9,RBV
0,W7458,RBV-72-1_2_3,53.48534225,-113.5574225,53.48534225,-113.5574225,246,254.75,10000,1,0.001,1,0.5,100,roadway,1,10,RBV
0,W7460,RBV-72-2_2_0,53.48534225,-113.5574225,53.48534225,-113.5574225,174,182.75,10000,1,0.001,1,0.5,100,neighbourhood,1,7,RBV
0,W7460,RBV-72-2_2_1,53.48534225,-113.5574225,53.48534225,-113.5574225,198,206.75,10000,1,0.001,1,0.5,100,roadway,1,8,RBV
0,W7460,RBV-72-2_2_2,53.48534225,-113.5574225,53.48534225,-113.5574225,222,230.75,10000,1,0.001,1,0.5,100,roadway,1,9,RBV
0,W7460,RBV-72-2_2_3,53.48534225,-113.5574225,53.48534225,-113.5574225,246,254.75,10000,1,0.001,1,0.5,100,roadway,1,10,RBV
0,W7461,RBV-72-3_2_0,53.48534225,-113.5574225,53.48534225,-113.5574225,174,182.75,10000,1,0.001,1,0.5,100,neighbourhood,1,7,RBV
0,W7461,RBV-72-3_2_1,53.48534225,-113.5574225,53.48534225,-113.5574225,198,206.75,10000,1,0.001,1,0.5,100,roadway,1,8,RBV
0,W7461,RBV-72-3_2_2,53.48534225,-113.5574225,53.48534225,-113.5574225,222,230.75,10000,1,0.001,1,0.5,100,neighbourhood,1,9,RBV
0,W7461,RBV-72-3_2_3,53.48534225,-113.5574225,53.48534225,-113.5574225,246,254.75,10000,1,0.001,1,0.5,100,roadway,1,10,RBV
0,V4438,RBV-72-4_2_3,53.48534225,-113.5574225,53.48534225,-113.5574225,246,254.75,10000,1,0.001,1,0.5,100,roadway,1,10,RBV
0,V4438,RBV-72-4_2_4,53.48534225,-113.5574225,53.48534225,-113.5574225,270,278.75,10000,1,0.001,1,0.5,100,neighbourhood,1,11,RBV
0,V4438,RBV-72-4_2_5,53.48534225,-113.5574225,53.48534225,-113.5574225,294,302.75,10000,1,0.001,1,0.5,100,neighbourhood,1,12,RBV
0,V4438,RBV-72-4_2_6,53.48534225,-113.5574225,53.48534225,-113.5574225,318,326.75,10000,1,0.001,1,0.5,100,neighbourhood,1,13,RBV
0,V4443,RBV-72-5_2_3,53.48534225,-113.5574225,53.48534225,-113.5574225,246,254.75,10000,1,0.001,1,0.5,100,roadway,1,10,RBV
0,V4443,RBV-72-5_2_4,53.48534225,-113.5574225,53.48534225,-113.5574225,270,278.75,10000,1,0.001,1,0.5,100,neighbourhood,1,11,RBV
0,V4443,RBV-72-5_2_5,53.48534225,-113.5574225,53.48534225,-113.5574225,294,302.75,10000,1,0.001,1,0.5,100,neighbourhood,1,12,RBV
0,V4443,RBV-72-5_2_6,53.48534225,-113.5574225,53.48534225,-113.5574225,318,326.75,10000,1,0.001,1,0.5,100,neighbourhood,1,13,RBV
0,V4444,RBV-72-6_2_3,53.48534225,-113.5574225,53.48534225,-113.5574225,246,254.75,10000,1,0.001,1,0.5,100,roadway,1,10,RBV
0,V4444,RBV-72-6_2_4,53.48534225,-113.5574225,53.48534225,-113.5574225,270,278.75,10000,1,0.001,1,0.5,100,neighbourhood,1,11,RBV
0,V4444,RBV-72-6_2_5,53.48534225,-113.5574225,53.48534225,-113.5574225,294,302.75,10000,1,0.001,1,0.5,100,neighbourhood,1,12,RBV
0,V4444,RBV-72-6_2_6,53.48534225,-113.5574225,53.48534225,-113.5574225,318,326.75,10000,1,0.001,1,0.5,100,neighbourhood,1,13,RBV
0,V4483,RBV-72-7_2_3,53.48534225,-113.5574225,53.48534225,-113.5574225,246,254.75,10000,1,0.001,1,0.5,100,roadway,1,10,RBV
0,V4483,RBV-72-7_2_4,53.48534225,-113.5574225,53.48534225,-113.5574225,270,278.75,10000,1,0.001,1,0.5,100,neighbourhood,1,11,RBV
0,V4483,RBV-72-7_2_5,53.48534225,-113.5574225,53.48534225,-113.5574225,294,302.75,10000,1,0.001,1,0.5,100,neighbourhood,1,12,RBV
0,V4483,RBV-72-7_2_6,53.48534225,-113.5574225,53.48534225,-113.5574225,318,326.75,10000,1,0.001,1,0.5,100,neighbourhood,1,13,RBV
0,T4076,RBV-72-8_2_0,53.48534225,-113.5574225,53.48534225,-113.5574225,174,182.75,10000,1,0.001,1,0.5,100,neighbourhood,1,7,RBV
0,T4076,RBV-72-8_2_1,53.48534225,-113.5574225,53.48534225,-113.5574225,198,206.75,10000,1,0.001,1,0.5,100,roadway,1,8,RBV
0,T4076,RBV-72-8_2_2,53.48534225,-113.5574225,53.48534225,-113.5574225,222,230.75,10000,1,0.001,1,0.5,100,neighbourhood,1,9,RBV
0,T4076,RBV-72-8_2_3,53.48534225,-113.5574225,53.48534225,-113.5574225,246,254.75,10000,1,0.001,1,0.5,100,roadway,1,10,RBV
0,X4221,OKY-72-1_2_4,53.52408381,-113.5029577,53.52408381,-113.5029577,270,278.75,10000,1,0.001,1,0.5,100,neighbourhood,1,11,OKY
0,X4221,OKY-72-1_2_5,53.52408381,-113.5029577,53.52408381,-113.5029577,294,302.75,10000,1,0.001,1,0.5,100,neighbourhood,1,12,OKY
0,X4221,OKY-72-1_2_6,53.52408381,-113.5029577,53.52408381,-113.5029577,318,326.75,10000,1,0.001,1,0.5,100,neighbourhood,1,13,OKY
0,X4221,OKY-72-1_2_0,53.52408381,-113.5029577,53.52408381,-113.5029577,174,182.75,10000,1,0.001,1,0.5,100,neighbourhood,1,7,OKY
0,X4222,OKY-72-2_2_4,53.52408381,-113.5029577,53.52408381,-113.5029577,270,278.75,10000,1,0.001,1,0.5,100,neighbourhood,1,11,OKY
0,X4222,OKY-72-2_2_5,53.52408381,-113.5029577,53.52408381,-113.5029577,294,302.75,10000,1,0.001,1,0.5,100,neighbourhood,1,12,OKY
0,X4222,OKY-72-2_2_6,53.52408381,-113.5029577,53.52408381,-113.5029577,318,326.75,10000,1,0.001,1,0.5,100,neighbourhood,1,13,OKY
0,X4222,OKY-72-2_2_0,53.52408381,-113.5029577,53.52408381,-113.5029577,174,182.75,10000,1,0.001,1,0.5,100,neighbourhood,1,7,OKY
0,X4223,OKY-72-3_2_4,53.52408381,-113.5029577,53.52408381,-113.5029577,270,278.75,10000,1,0.001,1,0.5,100,neighbourhood,1,11,OKY
0,X4223,OKY-72-3_2_5,53.52408381,-113.5029577,53.52408381,-113.5029577,294,302.75,10000,1,0.001,1,0.5,100,neighbourhood,1,12,OKY
0,X4223,OKY-72-3_2_6,53.52408381,-113.5029577,53.52408381,-113.5029577,318,326.75,10000,1,0.001,1,0.5,100,neighbourhood,1,13,OKY
0,X4223,OKY-72-3_2_0,53.52408381,-113.5029577,53.52408381,-113.5029577,174,182.75,10000,1,0.001,1,0.5,100,neighbourhood,1,7,OKY
0,X4224,OKY-72-4_2_4,53.52408381,-113.5029577,53.52408381,-113.5029577,270,278.75,10000,1,0.001,1,0.5,100,neighbourhood,1,11,OKY
0,X4224,OKY-72-4_2_5,53.52408381,-113.5029577,53.52408381,-113.5029577,294,302.75,10000,1,0.001,1,0.5,100,neighbourhood,1,12,OKY
0,X4224,OKY-72-4_2_6,53.52408381,-113.5029577,53.52408381,-113.5029577,318,326.75,10000,1,0.001,1,0.5,100,neighbourhood,1,13,OKY
0,X4224,OKY-72-4_2_0,53.52408381,-113.5029577,53.52408381,-113.5029577,174,182.75,10000,1,0.001,1,0.5,100,neighbourhood,1,7,OKY
0,Y4664,ASY-72-1_2_3,53.42626956,-113.5713273,53.42626956,-113.5713273,246,254.75,10000,1,0.001,1,0.5,100,roadway,1,10,ASY
0,Y4664,ASY-72-1_2_4,53.42626956,-113.5713273,53.42626956,-113.5713273,270,278.75,10000,1,0.001,1,0.5,100,neighbourhood,1,11,ASY
0,Y4664,ASY-72-1_2_5,53.42626956,-113.5713273,53.42626956,-113.5713273,294,302.75,10000,1,0.001,1,0.5,100,neighbourhood,1,12,ASY
0,Y4664,ASY-72-1_2_6,53.42626956,-113.5713273,53.42626956,-113.5713273,318,326.75,10000,1,0.001,1,0.5,100,neighbourhood,1,13,ASY
0,Y4665,ASY-72-2_2_3,53.42626956,-113.5713273,53.42626956,-113.5713273,246,254.75,10000,1,0.001,1,0.5,100,roadway,1,10,ASY
0,Y4665,ASY-72-2_2_4,53.42626956,-113.5713273,53.42626956,-113.5713273,270,278.75,10000,1,0.001,1,0.5,100,neighbourhood,1,11,ASY
0,Y4665,ASY-72-2_2_5,53.42626956,-113.5713273,53.42626956,-113.5713273,294,302.75,10000,1,0.001,1,0.5,100,neighbourhood,1,12,ASY
0,Y4665,ASY-72-2_2_6,53.42626956,-113.5713273,53.42626956,-113.5713273,318,326.75,10000,1,0.001,1,0.5,100,neighbourhood,1,13,ASY
0,Y4669,ASY-72-3_2_3,53.42626956,-113.5713273,53.42626956,-113.5713273,246,254.75,10000,1,0.001,1,0.5,100,roadway,1,10,ASY
0,Y4669,ASY-72-3_2_4,53.42626956,-113.5713273,53.42626956,-113.5713273,270,278.75,10000,1,0.001,1,0.5,100,neighbourhood,1,11,ASY
0,Y4669,ASY-72-3_2_5,53.42626956,-113.5713273,53.42626956,-113.5713273,294,302.75,10000,1,0.001,1,0.5,100,neighbourhood,1,12,ASY
0,Y4669,ASY-72-3_2_6,53.42626956,-113.5713273,53.42626956,-113.5713273,318,326.75,10000,1,0.001,1,0.5,100,neighbourhood,1,13,ASY
0,Y4670,ASY-72-4_2_3,53.42626956,-113.5713273,53.42626956,-113.5713273,246,254.75,10000,1,0.001,1,0.5,100,roadway,1,10,ASY
0,Y4670,ASY-72-4_2_4,53.42626956,-113.5713273,53.42626956,-113.5713273,270,278.75,10000,1,0.001,1,0.5,100,neighbourhood,1,11,ASY
0,Y4670,ASY-72-4_2_5,53.42626956,-113.5713273,53.42626956,-113.5713273,294,302.75,10000,1,0.001,1,0.5,100,neighbourhood,1,12,ASY
0,Y4670,ASY-72-4_2_6,53.42626956,-113.5713273,53.42626956,-113.5713273,318,326.75,10000,1,0.001,1,0.5,100,neighbourhood,1,13,ASY
0,X4225,MWD-72-1_3_3,53.45417787,-113.4393666,53.45417787,-113.4393666,414,422.75,10000,1,0.001,1,0.5,100,neighbourhood,1,17,MWD
0,X4225,MWD-72-1_3_4,53.45417787,-113.4393666,53.45417787,-113.4393666,438,446.75,10000,1,0.001,1,0.5,100,neighbourhood,1,18,MWD
0,X4225,MWD-72-1_3_5,53.45417787,-113.4393666,53.45417787,-113.4393666,462,470.75,10000,1,0.001,1,0.5,100,neighbourhood,1,19,MWD
0,X4225,MWD-72-1_3_6,53.45417787,-113.4393666,53.45417787,-113.4393666,486,494.75,10000,1,0.001,1,0.5,100,neighbourhood,1,20,MWD
0,X4225,MWD-72-1_3_0,53.45417787,-113.4393666,53.45417787,-113.4393666,342,350.75,10000,1,0.001,1,0.5,100,roadway,1,14,MWD
0,X4225,MWD-72-1_3_1,53.45417787,-113.4393666,53.45417787,-113.4393666,366,374.75,10000,1,0.001,1,0.5,100,neighbourhood,1,15,MWD
0,X4225,MWD-72-1_3_2,53.45417787,-113.4393666,53.45417787,-113.4393666,390,398.75,10000,1,0.001,1,0.5,100,neighbourhood,1,16,MWD
0,X4226,MWD-72-2_3_3,53.45417787,-113.4393666,53.45417787,-113.4393666,414,422.75,10000,1,0.001,1,0.5,100,neighbourhood,1,17,MWD
0,X4226,MWD-72-2_3_4,53.45417787,-113.4393666,53.45417787,-113.4393666,438,446.75,10000,1,0.001,1,0.5,100,neighbourhood,1,18,MWD
0,X4226,MWD-72-2_3_5,53.45417787,-113.4393666,53.45417787,-113.4393666,462,470.75,10000,1,0.001,1,0.5,100,neighbourhood,1,19,MWD
0,X4226,MWD-72-2_3_6,53.45417787,-113.4393666,53.45417787,-113.4393666,486,494.75,10000,1,0.001,1,0.5,100,neighbourhood,1,20,MWD
0,X4226,MWD-72-2_3_0,53.45417787,-113.4393666,53.45417787,-113.4393666,342,350.75,10000,1,0.001,1,0.5,100,roadway,1,14,MWD
0,X4226,MWD-72-2_3_1,53.45417787,-113.4393666,53.45417787,-113.4393666,366,374.75,10000,1,0.001,1,0.5,100,neighbourhood,1,15,MWD
0,X4226,MWD-72-2_3_2,53.45417787,-113.4393666,53.45417787,-113.4393666,390,398.75,10000,1,0.001,1,0.5,100,neighbourhood,1,16,MWD
0,X4236,MWD-72-3_3_3,53.45417787,-113.4393666,53.45417787,-113.4393666,414,422.75,10000,1,0.001,1,0.5,100,neighbourhood,1,17,MWD
0,X4236,MWD-72-3_3_4,53.45417787,-113.4393666,53.45417787,-113.4393666,438,446.75,10000,1,0.001,1,0.5,100,neighbourhood,1,18,MWD
0,X4236,MWD-72-3_3_5,53.45417787,-113.4393666,53.45417787,-113.4393666,462,470.75,10000,1,0.001,1,0.5,100,neighbourhood,1,19,MWD
0,X4236,MWD-72-3_3_6,53.45417787,-113.4393666,53.45417787,-113.4393666,486,494.75,10000,1,0.001,1,0.5,100,neighbourhood,1,20,MWD
0,X4236,MWD-72-3_3_0,53.45417787,-113.4393666,53.45417787,-113.4393666,342,350.75,10000,1,0.001,1,0.5,100,neighbourhood,1,14,MWD
0,X4236,MWD-72-3_3_1,53.45417787,-113.4393666,53.45417787,-113.4393666,366,374.75,10000,1,0.001,1,0.5,100,neighbourhood,1,15,MWD
0,X4236,MWD-72-3_3_2,53.45417787,-113.4393666,53.45417787,-113.4393666,390,398.75,10000,1,0.001,1,0.5,100,neighbourhood,1,16,MWD
0,X4237,MWD-72-4_3_3,53.45417787,-113.4393666,53.45417787,-113.4393666,414,422.75,10000,1,0.001,1,0.5,100,neighbourhood,1,17,MWD
0,X4237,MWD-72-4_3_4,53.45417787,-113.4393666,53.45417787,-113.4393666,438,446.75,10000,1,0.001,1,0.5,100,neighbourhood,1,18,MWD
0,X4237,MWD-72-4_3_5,53.45417787,-113.4393666,53.45417787,-113.4393666,462,470.75,10000,1,0.001,1,0.5,100,neighbourhood,1,19,MWD
0,X4237,MWD-72-4_3_6,53.45417787,-113.4393666,53.45417787,-113.4393666,486,494.75,10000,1,0.001,1,0.5,100,neighbourhood,1,20,MWD
0,X4237,MWD-72-4_3_0,53.45417787,-113.4393666,53.45417787,-113.4393666,342,350.75,10000,1,0.001,1,0.5,100,neighbourhood,1,14,MWD
0,X4237,MWD-72-4_3_1,53.45417787,-113.4393666,53.45417787,-113.4393666,366,374.75,10000,1,0.001,1,0.5,100,roadway,1,15,MWD
0,X4237,MWD-72-4_3_2,53.45417787,-113.4393666,53.45417787,-113.4393666,390,398.75,10000,1,0.001,1,0.5,100,neighbourhood,1,16,MWD
0,X4238,MWD-72-5_3_3,53.45417787,-113.4393666,53.45417787,-113.4393666,414,422.75,10000,1,0.001,1,0.5,100,roadway,1,17,MWD
0,X4238,MWD-72-5_3_4,53.45417787,-113.4393666,53.45417787,-113.4393666,438,446.75,10000,1,0.001,1,0.5,100,neighbourhood,1,18,MWD
0,X4238,MWD-72-5_3_5,53.45417787,-113.4393666,53.45417787,-113.4393666,462,470.75,10000,1,0.001,1,0.5,100,neighbourhood,1,19,MWD
0,X4238,MWD-72-5_3_6,53.45417787,-113.4393666,53.45417787,-113.4393666,486,494.75,10000,1,0.001,1,0.5,100,neighbourhood,1,20,MWD
0,X4238,MWD-72-5_3_0,53.45417787,-113.4393666,53.45417787,-113.4393666,342,350.75,10000,1,0.001,1,0.5,100,neighbourhood,1,14,MWD
0,Y4666,MWD-72-6_3_3,53.45417787,-113.4393666,53.45417787,-113.4393666,414,422.75,10000,1,0.001,1,0.5,100,roadway,1,17,MWD
0,Y4666,MWD-72-6_3_4,53.45417787,-113.4393666,53.45417787,-113.4393666,438,446.75,10000,1,0.001,1,0.5,100,neighbourhood,1,18,MWD
0,Y4666,MWD-72-6_3_5,53.45417787,-113.4393666,53.45417787,-113.4393666,462,470.75,10000,1,0.001,1,0.5,100,neighbourhood,1,19,MWD
0,Y4666,MWD-72-6_3_6,53.45417787,-113.4393666,53.45417787,-113.4393666,486,494.75,10000,1,0.001,1,0.5,100,neighbourhood,1,20,MWD
0,Y4666,MWD-72-6_3_0,53.45417787,-113.4393666,53.45417787,-113.4393666,342,350.75,10000,1,0.001,1,0.5,100,neighbourhood,1,14,MWD
0,Y4676,MWD-72-7_3_3,53.45417787,-113.4393666,53.45417787,-113.4393666,414,422.75,10000,1,0.001,1,0.5,100,roadway,1,17,MWD
0,Y4676,MWD-72-7_3_4,53.45417787,-113.4393666,53.45417787,-113.4393666,438,446.75,10000,1,0.001,1,0.5,100,neighbourhood,1,18,MWD
0,Y4676,MWD-72-7_3_5,53.45417787,-113.4393666,53.45417787,-113.4393666,462,470.75,10000,1,0.001,1,0.5,100,neighbourhood,1,19,MWD
0,Y4676,MWD-72-7_3_6,53.45417787,-113.4393666,53.45417787,-113.4393666,486,494.75,10000,1,0.001,1,0.5,100,neighbourhood,1,20,MWD
0,Y4676,MWD-72-7_3_0,53.45417787,-113.4393666,53.45417787,-113.4393666,342,350.75,10000,1,0.001,1,0.5,100,neighbourhood,1,14,MWD
0,Y4677,MWD-72-8_3_3,53.45417787,-113.4393666,53.45417787,-113.4393666,414,422.75,10000,1,0.001,1,0.5,100,roadway,1,17,MWD
0,Y4677,MWD-72-8_3_4,53.45417787,-113.4393666,53.45417787,-113.4393666,438,446.75,10000,1,0.001,1,0.5,100,neighbourhood,1,18,MWD
0,Y4677,MWD-72-8_3_5,53.45417787,-113.4393666,53.45417787,-113.4393666,462,470.75,10000,1,0.001,1,0.5,100,neighbourhood,1,19,MWD
0,Y4677,MWD-72-8_3_6,53.45417787,-113.4393666,53.45417787,-113.4393666,486,494.75,10000,1,0.001,1,0.5,100,neighbourhood,1,20,MWD
0,Y4677,MWD-72-8_3_0,53.45417787,-113.4393666,53.45417787,-113.4393666,342,350.75,10000,1,0.001,1,0.5,100,neighbourhood,1,14,MWD
0,W7459,GBY-72-1_3_3,53.55975148,-113.414852,53.55975148,-113.414852,414,422.75,10000,1,0.001,1,0.5,100,neighbourhood,1,17,GBY
0,W7459,GBY-72-1_3_4,53.55975148,-113.414852,53.55975148,-113.414852,438,446.75,10000,1,0.001,1,0.5,100,neighbourhood,1,18,GBY
0,W7459,GBY-72-1_3_5,53.55975148,-113.414852,53.55975148,-113.414852,462,470.75,10000,1,0.001,1,0.5,100,neighbourhood,1,19,GBY
0,W7459,GBY-72-1_3_6,53.55975148,-113.414852,53.55975148,-113.414852,486,494.75,10000,1,0.001,1,0.5,100,neighbourhood,1,20,GBY
0,Y4666,GBY-72-2_3_3,53.55975148,-113.414852,53.55975148,-113.414852,414,422.75,10000,1,0.001,1,0.5,100,neighbourhood,1,17,GBY
0,Y4666,GBY-72-2_3_4,53.55975148,-113.414852,53.55975148,-113.414852,438,446.75,10000,1,0.001,1,0.5,100,neighbourhood,1,18,GBY
0,Y4666,GBY-72-2_3_5,53.55975148,-113.414852,53.55975148,-113.414852,462,470.75,10000,1,0.001,1,0.5,100,neighbourhood,1,19,GBY
0,Y4666,GBY-72-2_3_6,53.55975148,-113.414852,53.55975148,-113.414852,486,494.75,10000,1,0.001,1,0.5,100,neighbourhood,1,20,GBY
0,Y4667,GBY-72-3_3_3,53.55975148,-113.414852,53.55975148,-113.414852,414,422.75,10000,1,0.001,1,0.5,100,neighbourhood,1,17,GBY
0,Y4667,GBY-72-3_3_4,53.55975148,-113.414852,53.55975148,-113.414852,438,446.75,10000,1,0.001,1,0.5,100,neighbourhood,1,18,GBY
0,Y4667,GBY-72-3_3_5,53.55975148,-113.414852,53.55975148,-113.414852,462,470.75,10000,1,0.001,1,0.5,100,neighbourhood,1,19,GBY
0,Y4667,GBY-72-3_3_6,53.55975148,-113.414852,53.55975148,-113.414852,486,494.75,10000,1,0.001,1,0.5,100,neighbourhood,1,20,GBY
0,Y4668,GBY-72-4_3_3,53.55975148,-113.414852,53.55975148,-113.414852,414,422.75,10000,1,0.001,1,0.5,100,neighbourhood,1,17,GBY
0,Y4668,GBY-72-4_3_4,53.55975148,-113.414852,53.55975148,-113.414852,438,446.75,10000,1,0.001,1,0.5,100,neighbourhood,1,18,GBY
0,Y4668,GBY-72-4_3_5,53.55975148,-113.414852,53.55975148,-113.414852,462,470.75,10000,1,0.001,1,0.5,100,neighbourhood,1,19,GBY
0,Y4668,GBY-72-4_3_6,53.55975148,-113.414852,53.55975148,-113.414852,486,494.75,10000,1,0.001,1,0.5,100,neighbourhood,1,20,GBY
0,Y4671,GBY-72-5_3_3,53.55975148,-113.414852,53.55975148,-113.414852,414,422.75,10000,1,0.001,1,0.5,100,neighbourhood,1,17,GBY
0,Y4671,GBY-72-5_3_4,53.55975148,-113.414852,53.55975148,-113.414852,438,446.75,10000,1,0.001,1,0.5,100,neighbourhood,1,18,GBY
0,Y4671,GBY-72-5_3_5,53.55975148,-113.414852,53.55975148,-113.414852,462,470.75,10000,1,0.001,1,0.5,100,neighbourhood,1,19,GBY
0,Y4671,GBY-72-5_3_6,53.55975148,-113.414852,53.55975148,-113.414852,486,494.75,10000,1,0.001,1,0.5,100,neighbourhood,1,20,GBY
0,W7456,DON-72-1_3_3,53.515626,-113.4680529,53.515626,-113.4680529,414,422.75,10000,1,0.001,1,0.5,100,roadway,1,17,DON
0,W7456,DON-72-1_3_4,53.515626,-113.4680529,53.515626,-113.4680529,438,446.75,10000,1,0.001,1,0.5,100,neighbourhood,1,18,DON
0,W7456,DON-72-1_3_5,53.515626,-113.4680529,53.515626,-113.4680529,462,470.75,10000,1,0.001,1,0.5,100,neighbourhood,1,19,DON
0,W7456,DON-72-1_3_6,53.515626,-113.4680529,53.515626,-113.4680529,486,494.75,10000,1,0.001,1,0.5,100,neighbourhood,1,20,DON
0,Y4672,DON-72-2_3_3,53.515626,-113.4680529,53.515626,-113.4680529,414,422.75,10000,1,0.001,1,0.5,100,roadway,1,17,DON
0,Y4672,DON-72-2_3_4,53.515626,-113.4680529,53.515626,-113.4680529,438,446.75,10000,1,0.001,1,0.5,100,neighbourhood,1,18,DON
0,Y4672,DON-72-2_3_5,53.515626,-113.4680529,53.515626,-113.4680529,462,470.75,10000,1,0.001,1,0.5,100,neighbourhood,1,19,DON
0,Y4672,DON-72-2_3_6,53.515626,-113.4680529,53.515626,-113.4680529,486,494.75,10000,1,0.001,1,0.5,100,neighbourhood,1,20,DON
0,W7458,RBV-72-1_3_0,53.48534225,-113.5574225,53.48534225,-113.5574225,342,350.75,10000,1,0.001,1,0.5,100,neighbourhood,1,14,RBV
0,W7458,RBV-72-1_3_1,53.48534225,-113.5574225,53.48534225,-113.5574225,366,374.75,10000,1,0.001,1,0.5,100,roadway,1,15,RBV
0,W7458,RBV-72-1_3_2,53.48534225,-113.5574225,53.48534225,-113.5574225,390,398.75,10000,1,0.001,1,0.5,100,roadway,1,16,RBV
0,W7458,RBV-72-1_3_3,53.48534225,-113.5574225,53.48534225,-113.5574225,414,422.75,10000,1,0.001,1,0.5,100,neighbourhood,1,17,RBV
0,W7460,RBV-72-2_3_0,53.48534225,-113.5574225,53.48534225,-113.5574225,342,350.75,10000,1,0.001,1,0.5,100,neighbourhood,1,14,RBV
0,W7460,RBV-72-2_3_1,53.48534225,-113.5574225,53.48534225,-113.5574225,366,374.75,10000,1,0.001,1,0.5,100,roadway,1,15,RBV
0,W7460,RBV-72-2_3_2,53.48534225,-113.5574225,53.48534225,-113.5574225,390,398.75,10000,1,0.001,1,0.5,100,roadway,1,16,RBV
0,W7460,RBV-72-2_3_3,53.48534225,-113.5574225,53.48534225,-113.5574225,414,422.75,10000,1,0.001,1,0.5,100,roadway,1,17,RBV
0,W7461,RBV-72-3_3_0,53.48534225,-113.5574225,53.48534225,-113.5574225,342,350.75,10000,1,0.001,1,0.5,100,neighbourhood,1,14,RBV
0,W7461,RBV-72-3_3_1,53.48534225,-113.5574225,53.48534225,-113.5574225,366,374.75,10000,1,0.001,1,0.5,100,roadway,1,15,RBV
0,W7461,RBV-72-3_3_2,53.48534225,-113.5574225,53.48534225,-113.5574225,390,398.75,10000,1,0.001,1,0.5,100,roadway,1,16,RBV
0,W7461,RBV-72-3_3_3,53.48534225,-113.5574225,53.48534225,-113.5574225,414,422.75,10000,1,0.001,1,0.5,100,neighbourhood,1,17,RBV
0,V4438,RBV-72-4_3_3,53.48534225,-113.5574225,53.48534225,-113.5574225,414,422.75,10000,1,0.001,1,0.5,100,neighbourhood,1,17,RBV
0,V4438,RBV-72-4_3_4,53.48534225,-113.5574225,53.48534225,-113.5574225,438,446.75,10000,1,0.001,1,0.5,100,neighbourhood,1,18,RBV
0,V4438,RBV-72-4_3_5,53.48534225,-113.5574225,53.48534225,-113.5574225,462,470.75,10000,1,0.001,1,0.5,100,neighbourhood,1,19,RBV
0,V4438,RBV-72-4_3_6,53.48534225,-113.5574225,53.48534225,-113.5574225,486,494.75,10000,1,0.001,1,0.5,100,neighbourhood,1,20,RBV
0,V4443,RBV-72-5_3_3,53.48534225,-113.5574225,53.48534225,-113.5574225,414,422.75,10000,1,0.001,1,0.5,100,neighbourhood,1,17,RBV
0,V4443,RBV-72-5_3_4,53.48534225,-113.5574225,53.48534225,-113.5574225,438,446.75,10000,1,0.001,1,0.5,100,neighbourhood,1,18,RBV
0,V4443,RBV-72-5_3_5,53.48534225,-113.5574225,53.48534225,-113.5574225,462,470.75,10000,1,0.001,1,0.5,100,neighbourhood,1,19,RBV
0,V4443,RBV-72-5_3_6,53.48534225,-113.5574225,53.48534225,-113.5574225,486,494.75,10000,1,0.001,1,0.5,100,neighbourhood,1,20,RBV
0,V4444,RBV-72-6_3_3,53.48534225,-113.5574225,53.48534225,-113.5574225,414,422.75,10000,1,0.001,1,0.5,100,neighbourhood,1,17,RBV
0,V4444,RBV-72-6_3_4,53.48534225,-113.5574225,53.48534225,-113.5574225,438,446.75,10000,1,0.001,1,0.5,100,neighbourhood,1,18,RBV
0,V4444,RBV-72-6_3_5,53.48534225,-113.5574225,53.48534225,-113.5574225,462,470.75,10000,1,0.001,1,0.5,100,neighbourhood,1,19,RBV
0,V4444,RBV-72-6_3_6,53.48534225,-113.5574225,53.48534225,-113.5574225,486,494.75,10000,1,0.001,1,0.5,100,roadway,1,20,RBV
0,V4483,RBV-72-7_3_3,53.48534225,-113.5574225,53.48534225,-113.5574225,414,422.75,10000,1,0.001,1,0.5,100,neighbourhood,1,17,RBV
0,V4483,RBV-72-7_3_4,53.48534225,-113.5574225,53.48534225,-113.5574225,438,446.75,10000,1,0.001,1,0.5,100,neighbourhood,1,18,RBV
0,V4483,RBV-72-7_3_5,53.48534225,-113.5574225,53.48534225,-113.5574225,462,470.75,10000,1,0.001,1,0.5,100,neighbourhood,1,19,RBV
0,V4483,RBV-72-7_3_6,53.48534225,-113.5574225,53.48534225,-113.5574225,486,494.75,10000,1,0.001,1,0.5,100,neighbourhood,1,20,RBV
0,T4076,RBV-72-8_3_0,53.48534225,-113.5574225,53.48534225,-113.5574225,342,350.75,10000,1,0.001,1,0.5,100,neighbourhood,1,14,RBV
0,T4076,RBV-72-8_3_1,53.48534225,-113.5574225,53.48534225,-113.5574225,366,374.75,10000,1,0.001,1,0.5,100,roadway,1,15,RBV
0,T4076,RBV-72-8_3_2,53.48534225,-113.5574225,53.48534225,-113.5574225,390,398.75,10000,1,0.001,1,0.5,100,roadway,1,16,RBV
0,T4076,RBV-72-8_3_3,53.48534225,-113.5574225,53.48534225,-113.5574225,414,422.75,10000,1,0.001,1,0.5,100,neighbourhood,1,17,RBV
0,X4221,OKY-72-1_3_4,53.52408381,-113.5029577,53.52408381,-113.5029577,438,446.75,10000,1,0.001,1,0.5,100,neighbourhood,1,18,OKY
0,X4221,OKY-72-1_3_5,53.52408381,-113.5029577,53.52408381,-113.5029577,462,470.75,10000,1,0.001,1,0.5,100,neighbourhood,1,19,OKY
0,X4221,OKY-72-1_3_6,53.52408381,-113.5029577,53.52408381,-113.5029577,486,494.75,10000,1,0.001,1,0.5,100,neighbourhood,1,20,OKY
0,X4221,OKY-72-1_3_0,53.52408381,-113.5029577,53.52408381,-113.5029577,342,350.75,10000,1,0.001,1,0.5,100,neighbourhood,1,14,OKY
0,X4222,OKY-72-2_3_4,53.52408381,-113.5029577,53.52408381,-113.5029577,438,446.75,10000,1,0.001,1,0.5,100,neighbourhood,1,18,OKY
0,X4222,OKY-72-2_3_5,53.52408381,-113.5029577,53.52408381,-113.5029577,462,470.75,10000,1,0.001,1,0.5,100,neighbourhood,1,19,OKY
0,X4222,OKY-72-2_3_6,53.52408381,-113.5029577,53.52408381,-113.5029577,486,494.75,10000,1,0.001,1,0.5,100,neighbourhood,1,20,OKY
0,X4222,OKY-72-2_3_0,53.52408381,-113.5029577,53.52408381,-113.5029577,342,350.75,10000,1,0.001,1,0.5,100,neighbourhood,1,14,OKY
0,X4223,OKY-72-3_3_4,53.52408381,-113.5029577,53.52408381,-113.5029577,438,446.75,10000,1,0.001,1,0.5,100,neighbourhood,1,18,OKY
0,X4223,OKY-72-3_3_5,53.52408381,-113.5029577,53.52408381,-113.5029577,462,470.75,10000,1,0.001,1,0.5,100,neighbourhood,1,19,OKY
0,X4223,OKY-72-3_3_6,53.52408381,-113.5029577,53.52408381,-113.5029577,486,494.75,10000,1,0.001,1,0.5,100,neighbourhood,1,20,OKY
0,X4223,OKY-72-3_3_0,53.52408381,-113.5029577,53.52408381,-113.5029577,342,350.75,10000,1,0.001,1,0.5,100,neighbourhood,1,14,OKY
0,X4224,OKY-72-4_3_4,53.52408381,-113.5029577,53.52408381,-113.5029577,438,446.75,10000,1,0.001,1,0.5,100,neighbourhood,1,18,OKY
0,X4224,OKY-72-4_3_5,53.52408381,-113.5029577,53.52408381,-113.5029577,462,470.75,10000,1,0.001,1,0.5,100,neighbourhood,1,19,OKY
0,X4224,OKY-72-4_3_6,53.52408381,-113.5029577,53.52408381,-113.5029577,486,494.75,10000,1,0.001,1,0.5,100,roadway,1,20,OKY
0,X4224,OKY-72-4_3_0,53.52408381,-113.5029577,53.52408381,-113.5029577,342,350.75,10000,1,0.001,1,0.5,100,neighbourhood,1,14,OKY
0,Y4664,ASY-72-1_3_3,53.42626956,-113.5713273,53.42626956,-113.5713273,414,422.75,10000,1,0.001,1,0.5,100,neighbourhood,1,17,ASY
0,Y4664,ASY-72-1_3_4,53.42626956,-113.5713273,53.42626956,-113.5713273,438,446.75,10000,1,0.001,1,0.5,100,neighbourhood,1,18,ASY
0,Y4664,ASY-72-1_3_5,53.42626956,-113.5713273,53.42626956,-113.5713273,462,470.75,10000,1,0.001,1,0.5,100,neighbourhood,1,19,ASY
0,Y4664,ASY-72-1_3_6,53.42626956,-113.5713273,53.42626956,-113.5713273,486,494.75,10000,1,0.001,1,0.5,100,neighbourhood,1,20,ASY
0,Y4665,ASY-72-2_3_3,53.42626956,-113.5713273,53.42626956,-113.5713273,414,422.75,10000,1,0.001,1,0.5,100,neighbourhood,1,17,ASY
0,Y4665,ASY-72-2_3_4,53.42626956,-113.5713273,53.42626956,-113.5713273,438,446.75,10000,1,0.001,1,0.5,100,neighbourhood,1,18,ASY
0,Y4665,ASY-72-2_3_5,53.42626956,-113.5713273,53.42626956,-113.5713273,462,470.75,10000,1,0.001,1,0.5,100,neighbourhood,1,19,ASY
0,Y4665,ASY-72-2_3_6,53.42626956,-113.5713273,53.42626956,-113.5713273,486,494.75,10000,1,0.001,1,0.5,100,roadway,1,20,ASY
0,Y4669,ASY-72-3_3_3,53.42626956,-113.5713273,53.42626956,-113.5713273,414,422.75,10000,1,0.001,1,0.5,100,neighbourhood,1,17,ASY
0,Y4669,ASY-72-3_3_4,53.42626956,-113.5713273,53.42626956,-113.5713273,438,446.75,10000,1,0.001,1,0.5,100,neighbourhood,1,18,ASY
0,Y4669,ASY-72-3_3_5,53.42626956,-113.5713273,53.42626956,-113.5713273,462,470.75,10000,1,0.001,1,0.5,100,neighbourhood,1,19,ASY
0,Y4669,ASY-72-3_3_6,53.42626956,-113.5713273,53.42626956,-113.5713273,486,494.75,10000,1,0.001,1,0.5,100,roadway,1,20,ASY
0,Y4670,ASY-72-4_3_3,53.42626956,-113.5713273,53.42626956,-113.5713273,414,422.75,10000,1,0.001,1,0.5,100,neighbourhood,1,17,ASY
0,Y4670,ASY-72-4_3_4,53.42626956,-113.5713273,53.42626956,-113.5713273,438,446.75,10000,1,0.001,1,0.5,100,neighbourhood,1,18,ASY
0,Y4670,ASY-72-4_3_5,53.42626956,-113.5713273,53.42626956,-113.5713273,462,470.75,10000,1,0.001,1,0.5,100,neighbourhood,1,19,ASY
0,Y4670,ASY-72-4_3_6,53.42626956,-113.5713273,53.42626956,-113.5713273,486,494.75,10000,1,0.001,1,0.5,100,neighbourhood,1,20,ASY
